period;cc_id;item_id;amount_fact
2025-01;1;1;62500
2025-01;1;3;48400
2025-01;1;4;52100
2025-01;1;6;60100
2025-01;1;7;63600
2025-01;1;9;70700
2025-01;1;10;78000
2025-01;1;12;92500
2025-01;1;13;64800
2025-01;1;15;73600
2025-01;1;16;78600
2025-01;1;19;380400
2025-01;1;21;452100
2025-01;1;22;488800
2025-01;1;24;361400
2025-01;1;25;383000
2025-01;2;2;66100
2025-01;2;3;73000
2025-01;2;5;87100
2025-01;2;6;61100
2025-01;2;8;69700
2025-01;2;9;74600
2025-01;2;11;82400
2025-01;2;12;86400
2025-01;2;14;103100
2025-01;2;15;111500
2025-01;2;18;87700
2025-01;2;20;410500
2025-01;2;21;429100
2025-01;2;23;489400
2025-01;2;24;529800
2025-01;3;1;65300
2025-01;3;2;70000
2025-01;3;4;77600
2025-01;3;5;81600
2025-01;3;7;97600
2025-01;3;8;105800
2025-01;3;10;78700
2025-01;3;11;83600
2025-01;3;13;93400
2025-01;3;14;97700
2025-01;3;17;121100
2025-01;3;19;381800
2025-01;3;20;404800
2025-01;3;22;454800
2025-01;3;23;474800
2025-01;3;25;516000
2025-01;4;1;99200
2025-01;4;3;74000
2025-01;4;4;78800
2025-01;4;6;88300
2025-01;4;7;92500
2025-01;4;9;106100
2025-01;4;10;115100
2025-01;4;12;86600
2025-01;4;13;91900
2025-01;4;16;108100
2025-01;4;18;117700
2025-01;4;19;539200
2025-01;4;21;627600
2025-01;4;22;435600
2025-01;4;24;486700
2025-01;4;25;515700
2025-01;5;2;99300
2025-01;5;3;107900
2025-01;5;5;81400
2025-01;5;6;86500
2025-01;5;8;97700
2025-01;5;9;102200
2025-01;5;11;111500
2025-01;5;12;121700
2025-01;5;15;98600
2025-01;5;17;110400
2025-01;5;18;117100
2025-01;5;20;534200
2025-01;5;21;556000
2025-01;5;23;653200
2025-01;5;24;702200
2025-01;6;1;91200
2025-01;6;2;95500
2025-01;6;4;104500
2025-01;6;5;114200
2025-01;6;7;133400
2025-01;6;8;92800
2025-01;6;10;104100
2025-01;6;11;110500
2025-01;6;14;125200
2025-01;6;16;147300
2025-01;6;17;158500
2025-01;6;19;487700
2025-01;6;20;514600
2025-01;6;22;567100
2025-01;6;23;589900
2025-01;6;25;666400
2025-01;7;1;86300
2025-01;7;3;97100
2025-01;7;4;103100
2025-01;7;6;112400
2025-01;7;7;117200
2025-01;7;9;138200
2025-01;7;10;148800
2025-01;7;13;115200
2025-01;7;15;127200
2025-01;7;16;132400
2025-01;7;18;149700
2025-01;7;19;678100
2025-01;7;21;504100
2025-01;7;22;532100
2025-01;7;24;592600
2025-01;7;25;616000
2025-01;8;2;128400
2025-01;8;3;138300
2025-01;8;5;101800
2025-01;8;6;107500
2025-01;8;8;118800
2025-01;8;9;123700
2025-01;8;12;151200
2025-01;8;14;112600
2025-01;8;15;118900
2025-01;8;17;132600
2025-01;8;18;137900
2025-01;8;20;625100
2025-01;8;21;678900
2025-01;8;23;784200
2025-01;8;24;542100
2025-01;9;1;110200
2025-01;9;2;115000
2025-01;9;4;130400
2025-01;9;5;140800
2025-01;9;7;104900
2025-01;9;8;110900
2025-01;9;11;128900
2025-01;9;13;139200
2025-01;9;14;151300
2025-01;9;16;175000
2025-01;9;17;121000
2025-01;9;19;564200
2025-01;9;20;596200
2025-01;9;22;642900
2025-01;9;23;666900
2025-01;9;25;778100
2025-01;10;1;103000
2025-01;10;3;115100
2025-01;10;4;119900
2025-01;10;6;129800
2025-01;10;7;141100
2025-01;10;10;113100
2025-01;10;12;125600
2025-01;10;13;132800
2025-01;10;15;143400
2025-01;10;16;148800
2025-01;10;18;173700
2025-01;10;19;782500
2025-01;10;21;569500
2025-01;10;22;598900
2025-01;10;24;656000
2025-01;10;25;680200
2025-01;11;2;152300
2025-01;11;3;105500
2025-01;11;5;117500
2025-01;11;6;124300
2025-01;11;9;139400
2025-01;11;11;162900
2025-01;11;12;174800
2025-01;11;14;127400
2025-01;11;15;133900
2025-01;11;17;146900
2025-01;11;18;152400
2025-01;11;20;719300
2025-01;11;21;773100
2025-01;11;23;571600
2025-01;11;24;601500
2025-01;12;1;126000
2025-01;12;2;130800
2025-01;12;4;153200
2025-01;12;5;164300
2025-01;12;8;126200
2025-01;12;10;138400
2025-01;12;11;143700
2025-01;12;13;161600
2025-01;12;14;173900
2025-01;12;16;128700
2025-01;12;17;135400
2025-01;12;19;630600
2025-01;12;20;654100
2025-01;12;22;702200
2025-01;12;23;760800
2025-01;12;25;874300
2025-01;13;1;119400
2025-01;13;3;131200
2025-01;13;4;136300
2025-01;13;7;165100
2025-01;13;9;122200
2025-01;13;10;128800
2025-01;13;12;142900
2025-01;13;13;148300
2025-01;13;15;159300
2025-01;13;16;172600
2025-01;13;18;198600
2025-01;13;19;575300
2025-01;13;21;635500
2025-01;13;22;669800
2025-01;13;24;719000
2025-01;14;2;117000
2025-01;14;3;123300
2025-01;14;6;142200
2025-01;14;8;152900
2025-01;14;9;165800
2025-01;14;11;190800
2025-01;14;12;131700
2025-01;14;14;145500
2025-01;14;15;153500
2025-01;14;17;164800
2025-01;14;18;170600
2025-01;14;20;833200
2025-01;14;21;891300
2025-01;14;23;645900
2025-01;15;1;148000
2025-01;15;2;160500
2025-01;15;5;127600
2025-01;15;7;141200
2025-01;15;8;148900
2025-01;15;10;160100
2025-01;15;11;165800
2025-01;15;13;192900
2025-01;15;14;206400
2025-01;15;16;149600
2025-01;15;17;157100
2025-01;15;19;720200
2025-01;15;20;745600
2025-01;15;22;834700
2025-01;15;25;659400
2025-02;1;2;57700
2025-02;1;3;61200
2025-02;1;5;71600
2025-02;1;6;78300
2025-02;1;8;59900
2025-02;1;9;64100
2025-02;1;11;73200
2025-02;1;12;77100
2025-02;1;14;85000
2025-02;1;15;93300
2025-02;1;18;76600
2025-02;1;20;363200
2025-02;1;21;386700
2025-02;1;23;423300
2025-02;1;24;442100
2025-02;2;1;55700
2025-02;2;2;59800
2025-02;2;4;68700
2025-02;2;5;72300
2025-02;2;7;80200
2025-02;2;8;88100
2025-02;2;10;104100
2025-02;2;11;72800
2025-02;2;13;82300
2025-02;2;14;87800
2025-02;2;17;100700
2025-02;2;19;501700
2025-02;2;20;541700
2025-02;2;22;399600
2025-02;2;23;423000
2025-02;2;25;469000
2025-02;3;1;82100
2025-02;3;3;97400
2025-02;3;4;68200
2025-02;3;6;77500
2025-02;3;7;82700
2025-02;3;9;91100
2025-02;3;10;95400
2025-02;3;12;113400
2025-02;3;13;122600
2025-02;3;16;96000
2025-02;3;18;106700
2025-02;3;19;468000
2025-02;3;21;532600
2025-02;3;22;575800
2025-02;3;24;430500
2025-02;3;25;455600
2025-02;4;2;85000
2025-02;4;3;89100
2025-02;4;5;106300
2025-02;4;6;115000
2025-02;4;8;85300
2025-02;4;9;90500
2025-02;4;11;100800
2025-02;4;12;105400
2025-02;4;15;130100
2025-02;4;17;97400
2025-02;4;18;103200
2025-02;4;20;486100
2025-02;4;21;506900
2025-02;4;23;549900
2025-02;4;24;598800
2025-02;5;1;79400
2025-02;5;2;84300
2025-02;5;4;94100
2025-02;5;5;98500
2025-02;5;7;112700
2025-02;5;8;122100
2025-02;5;10;91600
2025-02;5;11;97100
2025-02;5;14;113900
2025-02;5;16;123700
2025-02;5;17;134800
2025-02;5;19;658200
2025-02;5;20;456500
2025-02;5;22;509100
2025-02;5;23;539100
2025-02;5;25;583800
2025-02;6;1;113300
2025-02;6;3;85200
2025-02;6;4;90400
2025-02;6;6;101800
2025-02;6;7;106400
2025-02;6;9;115800
2025-02;6;10;126300
2025-02;6;13;102000
2025-02;6;15;114000
2025-02;6;16;120800
2025-02;6;18;131000
2025-02;6;19;572200
2025-02;6;21;671200
2025-02;6;22;721100
2025-02;6;24;526900
2025-02;6;25;555100
2025-02;7;2;107300
2025-02;7;3;117200
2025-02;7;5;136700
2025-02;7;6;94900
2025-02;7;8;106200
2025-02;7;9;112600
2025-02;7;12;127400
2025-02;7;14;149600
2025-02;7;15;160900
2025-02;7;17;117700
2025-02;7;18;124100
2025-02;7;20;573500
2025-02;7;21;596200
2025-02;7;23;672700
2025-02;7;24;724200
2025-02;8;1;98300
2025-02;8;2;104400
2025-02;8;4;113500
2025-02;8;5;118300
2025-02;8;7;139200
2025-02;8;8;149700
2025-02;8;11;115700
2025-02;8;13;127600
2025-02;8;14;132700
2025-02;8;16;149900
2025-02;8;17;161500
2025-02;8;19;503500
2025-02;8;20;531100
2025-02;8;22;590800
2025-02;8;23;613800
2025-02;8;25;661200
2025-02;9;1;138700
2025-02;9;3;101900
2025-02;9;4;107500
2025-02;9;6;118700
2025-02;9;7;123500
2025-02;9;10;150500
2025-02;9;12;112000
2025-02;9;13;118100
2025-02;9;15;131500
2025-02;9;16;136800
2025-02;9;18;147400
2025-02;9;19;672300
2025-02;9;21;775700
2025-02;9;22;536000
2025-02;9;24;593900
2025-02;9;25;626800
2025-02;10;2;130000
2025-02;10;3;140300
2025-02;10;5;104500
2025-02;10;6;110400
2025-02;10;9;128000
2025-02;10;11;138000
2025-02;10;12;150000
2025-02;10;14;173300
2025-02;10;15;119700
2025-02;10;17;132800
2025-02;10;18;140300
2025-02;10;20;634500
2025-02;10;21;657800
2025-02;10;23;766800
2025-02;10;24;821400
2025-02;11;1;115200
2025-02;11;2;119900
2025-02;11;4;129600
2025-02;11;5;140800
2025-02;11;8;112700
2025-02;11;10;125000
2025-02;11;11;132100
2025-02;11;13;142500
2025-02;11;14;147800
2025-02;11;16;172400
2025-02;11;17;184700
2025-02;11;19;564100
2025-02;11;20;593000
2025-02;11;22;648900
2025-02;11;23;672700
2025-02;11;25;755000
2025-02;12;1;106500
2025-02;12;3;118300
2025-02;12;4;125000
2025-02;12;7;140100
2025-02;12;9;163600
2025-02;12;10;175400
2025-02;12;12;127600
2025-02;12;13;134300
2025-02;12;15;147100
2025-02;12;16;152500
2025-02;12;18;171200
2025-02;12;19;772900
2025-02;12;21;571000
2025-02;12;22;600500
2025-02;12;24;664800
2025-02;13;2;156500
2025-02;13;3;167800
2025-02;13;6;128600
2025-02;13;8;141000
2025-02;13;9;146300
2025-02;13;11;164400
2025-02;13;12;176700
2025-02;13;14;130600
2025-02;13;15;137500
2025-02;13;17;152300
2025-02;13;18;157900
2025-02;13;20;711500
2025-02;13;21;770600
2025-02;13;23;884900
2025-02;14;1;136300
2025-02;14;2;141500
2025-02;14;5;171100
2025-02;14;7;126600
2025-02;14;8;133300
2025-02;14;10;147700
2025-02;14;11;153300
2025-02;14;13;164600
2025-02;14;14;178300
2025-02;14;16;204900
2025-02;14;17;141300
2025-02;14;19;655100
2025-02;14;20;690300
2025-02;14;22;740400
2025-02;14;25;889400
2025-02;15;1;130200
2025-02;15;4;149900
2025-02;15;6;161100
2025-02;15;7;174600
2025-02;15;9;200800
2025-02;15;10;138500
2025-02;15;12;153000
2025-02;15;13;161300
2025-02;15;15;173100
2025-02;15;16;179200
2025-02;15;18;208100
2025-02;15;19;934900
2025-02;15;21;677100
2025-02;15;24;774400
2025-02;15;25;801200
2025-03;1;1;70800
2025-03;1;2;77500
2025-03;1;4;58500
2025-03;1;5;62700
2025-03;1;7;71000
2025-03;1;8;74800
2025-03;1;10;86600
2025-03;1;11;94200
2025-03;1;13;71600
2025-03;1;14;76300
2025-03;1;17;90600
2025-03;1;19;417200
2025-03;1;20;456400
2025-03;1;22;534400
2025-03;1;23;371900
2025-03;1;25;417500
2025-03;2;1;69400
2025-03;2;3;80500
2025-03;2;4;87900
2025-03;2;6;67000
2025-03;2;7;71500
2025-03;2;9;81400
2025-03;2;10;85500
2025-03;2;12;93900
2025-03;2;13;102900
2025-03;2;16;84200
2025-03;2;18;94700
2025-03;2;19;423000
2025-03;2;21;462000
2025-03;2;22;482100
2025-03;2;24;568800
2025-03;2;25;612900
2025-03;3;2;75600
2025-03;3;3;79500
2025-03;3;5;87700
2025-03;3;6;96200
2025-03;3;8;113300
2025-03;3;9;79000
2025-03;3;11;89200
2025-03;3;12;95000
2025-03;3;15;108600
2025-03;3;17;128400
2025-03;3;18;138500
2025-03;3;20;428200
2025-03;3;21;452700
2025-03;3;23;501100
2025-03;3;24;522100
2025-03;4;1;105000
2025-03;4;2;73400
2025-03;4;4;83000
2025-03;4;5;88500
2025-03;4;7;97100
2025-03;4;8;101600
2025-03;4;10;120400
2025-03;4;11;129900
2025-03;4;14;101500
2025-03;4;16;112500
2025-03;4;17;117400
2025-03;4;19;559900
2025-03;4;20;604800
2025-03;4;22;451400
2025-03;4;23;477200
2025-03;4;25;533400
2025-03;5;1;93900
2025-03;5;3;111600
2025-03;5;4;120600
2025-03;5;6;89100
2025-03;5;7;94500
2025-03;5;9;105000
2025-03;5;10;109700
2025-03;5;13;134800
2025-03;5;15;100900
2025-03;5;16;106700
2025-03;5;18;119400
2025-03;5;19;522800
2025-03;5;21;566200
2025-03;5;22;616000
2025-03;5;24;713800
2025-03;5;25;494200
2025-03;6;2;97000
2025-03;6;3;101500
2025-03;6;5;115700
2025-03;6;6;125200
2025-03;6;8;93700
2025-03;6;9;99300
2025-03;6;12;116100
2025-03;6;14;126000
2025-03;6;15;137200
2025-03;6;17;159100
2025-03;6;18;110300
2025-03;6;20;515900
2025-03;6;21;545800
2025-03;6;23;590400
2025-03;6;24;613300
2025-03;7;1;86600
2025-03;7;2;91700
2025-03;7;4;103100
2025-03;7;5;107700
2025-03;7;7;116900
2025-03;7;8;127500
2025-03;7;11;102700
2025-03;7;13;114500
2025-03;7;14;121300
2025-03;7;16;131300
2025-03;7;17;136500
2025-03;7;19;671500
2025-03;7;20;720800
2025-03;7;22;526100
2025-03;7;23;554000
2025-03;7;25;608300
2025-03;8;1;117800
2025-03;8;3;137200
2025-03;8;4;95200
2025-03;8;6;106300
2025-03;8;7;112700
2025-03;8;10;127100
2025-03;8;12;149100
2025-03;8;13;160100
2025-03;8;15;117000
2025-03;8;16;123200
2025-03;8;18;135500
2025-03;8;19;591300
2025-03;8;21;666400
2025-03;8;22;717100
2025-03;8;24;531400
2025-03;8;25;559900
2025-03;9;2;113500
2025-03;9;3;118200
2025-03;9;5;138900
2025-03;9;6;149300
2025-03;9;9;115100
2025-03;9;11;126700
2025-03;9;12;131700
2025-03;9;14;148600
2025-03;9;15;159900
2025-03;9;17;118700
2025-03;9;18;125100
2025-03;9;20;583800
2025-03;9;21;606400
2025-03;9;23;652400
2025-03;9;24;707500
2025-03;10;1;102100
2025-03;10;2;107700
2025-03;10;4;118700
2025-03;10;5;123400
2025-03;10;8;150300
2025-03;10;10;111500
2025-03;10;11;117700
2025-03;10;13;131000
2025-03;10;14;136000
2025-03;10;16;146500
2025-03;10;17;158900
2025-03;10;19;769400
2025-03;10;20;531400
2025-03;10;22;588200
2025-03;10;23;620600
2025-03;10;25;667500
2025-03;11;1;141800
2025-03;11;3;105400
2025-03;11;4;111200
2025-03;11;7;128900
2025-03;11;9;138900
2025-03;11;10;150800
2025-03;11;12;173900
2025-03;11;13;120100
2025-03;11;15;133200
2025-03;11;16;140600
2025-03;11;18;151300
2025-03;11;19;658400
2025-03;11;21;766800
2025-03;11;22;821000
2025-03;11;24;596100
2025-03;12;2;132600
2025-03;12;3;144000
2025-03;12;6;115000
2025-03;12;8;127500
2025-03;12;9;134600
2025-03;12;11;145000
2025-03;12;12;150400
2025-03;12;14;175300
2025-03;12;15;187700
2025-03;12;17;136400
2025-03;12;18;143300
2025-03;12;20;658300
2025-03;12;21;682100
2025-03;12;23;765000
2025-03;13;1;123100
2025-03;13;2;130100
2025-03;13;5;145500
2025-03;13;7;169700
2025-03;13;8;181800
2025-03;13;10;132200
2025-03;13;11;138900
2025-03;13;13;152100
2025-03;13;14;157700
2025-03;13;16;177000
2025-03;13;17;190000
2025-03;13;19;589100
2025-03;13;20;619500
2025-03;13;22;685300
2025-03;13;25;760900
2025-03;14;1;177400
2025-03;14;4;135800
2025-03;14;6;148800
2025-03;14;7;154200
2025-03;14;9;173300
2025-03;14;10;186100
2025-03;14;12;137500
2025-03;14;13;144600
2025-03;14;15;160100
2025-03;14;16;166000
2025-03;14;18;178000
2025-03;14;19;809000
2025-03;14;21;928400
2025-03;14;24;705500
2025-03;14;25;742900
2025-03;15;3;183500
2025-03;15;5;135600
2025-03;15;6;142800
2025-03;15;8;158100
2025-03;15;9;164000
2025-03;15;11;175900
2025-03;15;12;190500
2025-03;15;14;218700
2025-03;15;15;150800
2025-03;15;17;166400
2025-03;15;18;175200
2025-03;15;20;959100
2025-03;15;23;1121900
2025-03;15;24;1188600
2025-04;1;1;60700
2025-04;1;3;67900
2025-04;1;4;71600
2025-04;1;6;86300
2025-04;1;7;93900
2025-04;1;9;70300
2025-04;1;10;74900
2025-04;1;12;84100
2025-04;1;13;88200
2025-04;1;16;110100
2025-04;1;18;83000
2025-04;1;19;370100
2025-04;1;21;417400
2025-04;1;22;436400
2025-04;1;24;475900
2025-04;1;25;519300
2025-04;2;2;65000
2025-04;2;3;69300
2025-04;2;5;78100
2025-04;2;6;82100
2025-04;2;8;94600
2025-04;2;9;102900
2025-04;2;11;77800
2025-04;2;12;82800
2025-04;2;15;98000
2025-04;2;17;107100
2025-04;2;18;117000
2025-04;2;20;574200
2025-04;2;21;399100
2025-04;2;23;447200
2025-04;2;24;474600
2025-04;3;1;87200
2025-04;3;2;95100
2025-04;3;4;72200
2025-04;3;5;76900
2025-04;3;7;87100
2025-04;3;8;91300
2025-04;3;10;100100
2025-04;3;11;109500
2025-04;3;14;89200
2025-04;3;16;100200
2025-04;3;17;106400
2025-04;3;19;486900
2025-04;3;20;507600
2025-04;3;22;597900
2025-04;3;23;643500
2025-04;3;25;472000
2025-04;4;1;84200
2025-04;4;3;92500
2025-04;4;4;101200
2025-04;4;6;118900
2025-04;4;7;82800
2025-04;4;9;93200
2025-04;4;10;99100
2025-04;4;13;113000
2025-04;4;15;133300
2025-04;4;16;143500
2025-04;4;18;105400
2025-04;4;19;468000
2025-04;4;21;517000
2025-04;4;22;538400
2025-04;4;24;609600
2025-04;4;25;657500
2025-04;5;2;85900
2025-04;5;3;91500
2025-04;5;5;100100
2025-04;5;6;104500
2025-04;5;8;123600
2025-04;5;9;133300
2025-04;5;12;103700
2025-04;5;14;114800
2025-04;5;15;119600
2025-04;5;17;135600
2025-04;5;18;146400
2025-04;5;20;458300
2025-04;5;21;484100
2025-04;5;23;540300
2025-04;5;24;562300
2025-04;6;1;113800
2025-04;6;2;122900
2025-04;6;4;90600
2025-04;6;5;95900
2025-04;6;7;106300
2025-04;6;8;110900
2025-04;6;11;136000
2025-04;6;13;101600
2025-04;6;14;107300
2025-04;6;16;120000
2025-04;6;17;125000
2025-04;6;19;567400
2025-04;6;20;617000
2025-04;6;22;713900
2025-04;6;23;494100
2025-04;6;25;548900
2025-04;7;1;102300
2025-04;7;3;116400
2025-04;7;4;125900
2025-04;7;6;94100
2025-04;7;7;99500
2025-04;7;10;116100
2025-04;7;12;125700
2025-04;7;13;136900
2025-04;7;15;158500
2025-04;7;16;109700
2025-04;7;18;122100
2025-04;7;19;542200
2025-04;7;21;585800
2025-04;7;22;608100
2025-04;7;24;710700
2025-04;7;25;762200
2025-04;8;2;103300
2025-04;8;3;107800
2025-04;8;5;116900
2025-04;8;6;127300
2025-04;8;9;102300
2025-04;8;11;113900
2025-04;8;12;120600
2025-04;8;14;130500
2025-04;8;15;135400
2025-04;8;17;158500
2025-04;8;18;170100
2025-04;8;20;520700
2025-04;8;21;548000
2025-04;8;23;601100
2025-04;8;24;623800
2025-04;9;1;137800
2025-04;9;2;95500
2025-04;9;4;106600
2025-04;9;5;112900
2025-04;9;8;127100
2025-04;9;10;148800
2025-04;9;11;159800
2025-04;9;13;116600
2025-04;9;14;122800
2025-04;9;16;134800
2025-04;9;17;139900
2025-04;9;19;661800
2025-04;9;20;711900
2025-04;9;22;527000
2025-04;9;23;555000
2025-04;9;25;615700
2025-04;10;1;119800
2025-04;10;3;140400
2025-04;10;4;150800
2025-04;10;7;116100
2025-04;10;9;127700
2025-04;10;10;132600
2025-04;10;12;149400
2025-04;10;13;160800
2025-04;10;15;119100
2025-04;10;16;125500
2025-04;10;18;139400
2025-04;10;19;607500
2025-04;10;21;653100
2025-04;10;22;708100
2025-04;10;24;814600
2025-04;11;2;121700
2025-04;11;3;126500
2025-04;11;6;153600
2025-04;11;8;114000
2025-04;11;9;120100
2025-04;11;11;133500
2025-04;11;12;138600
2025-04;11;14;149100
2025-04;11;15;161700
2025-04;11;17;186200
2025-04;11;18;128600
2025-04;11;20;597300
2025-04;11;21;629900
2025-04;11;23;677000
2025-04;12;1;109800
2025-04;12;2;115800
2025-04;12;5;133900
2025-04;12;7;144200
2025-04;12;8;156500
2025-04;12;10;180300
2025-04;12;11;124500
2025-04;12;13;137800
2025-04;12;14;145400
2025-04;12;16;156500
2025-04;12;17;162100
2025-04;12;19;792100
2025-04;12;20;847700
2025-04;12;22;615000
2025-04;12;25;705200
2025-04;13;1;152500
2025-04;13;4;121600
2025-04;13;6;134700
2025-04;13;7;142200
2025-04;13;9;153000
2025-04;13;10;158500
2025-04;13;12;184700
2025-04;13;13;197700
2025-04;13;15;143600
2025-04;13;16;150800
2025-04;13;18;164800
2025-04;13;19;716800
2025-04;13;21;803300
2025-04;13;24;635500
2025-04;13;25;667900
2025-04;14;3;156100
2025-04;14;5;182000
2025-04;14;6;194900
2025-04;14;8;141600
2025-04;14;9;148800
2025-04;14;11;162700
2025-04;14;12;168600
2025-04;14;14;189100
2025-04;14;15;203000
2025-04;14;17;149700
2025-04;14;18;157400
2025-04;14;20;896700
2025-04;14;23;981300
2025-04;14;24;1049400
2025-04;15;2;147400
2025-04;15;4;161300
2025-04;15;5;167200
2025-04;15;7;187600
2025-04;15;8;201500
2025-04;15;10;148700
2025-04;15;11;156400
2025-04;15;13;173000
2025-04;15;14;179300
2025-04;15;16;192100
2025-04;15;17;207900
2025-04;15;19;1001300
2025-04;15;22;760300
2025-04;15;23;800300
2025-04;15;25;857100
2025-05;1;2;84700
2025-05;1;3;59500
2025-05;1;5;68000
2025-05;1;6;72800
2025-05;1;8;80700
2025-05;1;9;84700
2025-05;1;11;101300
2025-05;1;12;109700
2025-05;1;15;86600
2025-05;1;17;96600
2025-05;1;18;101100
2025-05;1;20;485000
2025-05;1;21;525300
2025-05;1;23;394100
2025-05;1;24;417600
2025-05;2;1;74100
2025-05;2;2;78000
2025-05;2;4;93400
2025-05;2;5;101400
2025-05;2;7;75600
2025-05;2;8;80400
2025-05;2;10;89900
2025-05;2;11;94200
2025-05;2;14;117100
2025-05;2;16;88000
2025-05;2;17;93300
2025-05;2;19;441200
2025-05;2;20;460900
2025-05;2;22;501400
2025-05;2;23;546800
2025-05;2;25;636000
2025-05;3;1;73700
2025-05;3;3;82800
2025-05;3;4;86900
2025-05;3;6;99800
2025-05;3;7;108300
2025-05;3;9;81600
2025-05;3;10;86700
2025-05;3;13;102300
2025-05;3;15;111500
2025-05;3;16;121600
2025-05;3;18;141900
2025-05;3;19;413700
2025-05;3;21;462600
2025-05;3;22;490400
2025-05;3;24;532400
2025-05;3;25;554200
2025-05;4;2;75000
2025-05;4;3;79700
2025-05;4;5;90100
2025-05;4;6;94300
2025-05;4;8;103100
2025-05;4;9;112700
2025-05;4;12;91500
2025-05;4;14;102500
2025-05;4;15;108700
2025-05;4;17;118200
2025-05;4;18;123200
2025-05;4;20;608200
2025-05;4;21;654200
2025-05;4;23;479100
2025-05;4;24;505300
2025-05;5;1;94700
2025-05;5;2;103500
2025-05;5;4;121200
2025-05;5;5;84300
2025-05;5;7;94700
2025-05;5;8;100600
2025-05;5;11;114200
2025-05;5;13;134500
2025-05;5;14;144800
2025-05;5;16;106100
2025-05;5;17;112100
2025-05;5;19;519200
2025-05;5;20;540300
2025-05;5;22;610800
2025-05;5;23;658300
2025-05;5;25;489300
2025-05;6;1;92500
2025-05;6;3;101000
2025-05;6;4;105300
2025-05;6;6;124400
2025-05;6;7;133900
2025-05;6;10;104000
2025-05;6;12;114800
2025-05;6;13;119500
2025-05;6;15;135400
2025-05;6;16;146000
2025-05;6;18;108600
2025-05;6;19;481800
2025-05;6;21;537000
2025-05;6;22;558500
2025-05;6;24;602500
2025-05;6;25;654300
2025-05;7;2;91000
2025-05;7;3;96300
2025-05;7;5;106600
2025-05;7;6;111100
2025-05;7;9;135900
2025-05;7;11;101200
2025-05;7;12;107000
2025-05;7;14;119400
2025-05;7;15;124200
2025-05;7;17;134200
2025-05;7;18;145800
2025-05;7;20;707600
2025-05;7;21;489400
2025-05;7;23;543100
2025-05;7;24;573700
2025-05;8;1;117300
2025-05;8;2;126600
2025-05;8;4;94500
2025-05;8;5;100000
2025-05;8;8;116300
2025-05;8;10;125700
2025-05;8;11;136800
2025-05;8;13;158300
2025-05;8;14;109500
2025-05;8;16;121600
2025-05;8;17;128500
2025-05;8;19;582500
2025-05;8;20;604400
2025-05;8;22;705700
2025-05;8;23;756400
2025-05;8;25;550300
2025-05;9;1;109400
2025-05;9;3;118400
2025-05;9;4;128900
2025-05;9;7;103400
2025-05;9;9;114900
2025-05;9;10;121500
2025-05;9;12;131400
2025-05;9;13;136400
2025-05;9;15;159300
2025-05;9;16;170900
2025-05;9;18;124400
2025-05;9;19;549700
2025-05;9;21;602500
2025-05;9;22;625000
2025-05;9;24;702400
2025-05;10;2;109500
2025-05;10;3;115800
2025-05;10;6;130100
2025-05;10;8;152200
2025-05;10;9;163300
2025-05;10;11;119000
2025-05;10;12;125300
2025-05;10;14;137400
2025-05;10;15;142600
2025-05;10;17;160400
2025-05;10;18;172400
2025-05;10;20;535700
2025-05;10;21;563900
2025-05;10;23;625100
2025-05;11;1;146500
2025-05;11;2;157200
2025-05;11;5;120900
2025-05;11;7;132700
2025-05;11;8;137800
2025-05;11;10;155100
2025-05;11;11;166800
2025-05;11;13;123500
2025-05;11;14;130000
2025-05;11;16;144200
2025-05;11;17;149600
2025-05;11;19;675300
2025-05;11;20;731800
2025-05;11;22;841400
2025-05;11;25;641000
2025-05;12;1;134100
2025-05;12;4;162700
2025-05;12;6;120500
2025-05;12;7;127000
2025-05;12;9;140900
2025-05;12;10;146400
2025-05;12;12;157300
2025-05;12;13;170600
2025-05;12;15;196200
2025-05;12;16;135400
2025-05;12;18;149600
2025-05;12;19;662600
2025-05;12;21;711600
2025-05;12;24;856100
2025-05;12;25;915500
2025-05;13;3;143900
2025-05;13;5;154900
2025-05;13;6;167900
2025-05;13;8;193400
2025-05;13;9;133500
2025-05;13;11;147700
2025-05;13;12;155700
2025-05;13;14;167300
2025-05;13;15;173300
2025-05;13;17;201500
2025-05;13;18;215600
2025-05;13;20;817700
2025-05;13;23;918200
2025-05;13;24;946200
2025-05;14;2;132100
2025-05;14;4;146200
2025-05;14;5;154200
2025-05;14;7;165900
2025-05;14;8;171800
2025-05;14;10;200000
2025-05;14;11;214100
2025-05;14;13;155300
2025-05;14;14;163000
2025-05;14;16;178000
2025-05;14;17;184300
2025-05;14;19;867100
2025-05;14;22;685400
2025-05;14;23;720100
2025-05;14;25;795200
2025-05;15;1;170500
2025-05;15;3;198600
2025-05;15;4;212700
2025-05;15;6;154400
2025-05;15;7;162100
2025-05;15;9;177200
2025-05;15;10;183500
2025-05;15;12;205600
2025-05;15;13;220700
2025-05;15;15;162700
2025-05;15;16;171000
2025-05;15;18;189000
2025-05;15;21;879400
2025-05;15;22;951200
2025-05;15;24;1089800
2025-05;15;25;750500
2025-06;1;1;65200
2025-06;1;2;68900
2025-06;1;4;76500
2025-06;1;5;84100
2025-06;1;7;99700
2025-06;1;8;69700
2025-06;1;10;79100
2025-06;1;11;84500
2025-06;1;14;97200
2025-06;1;16;115400
2025-06;1;17;124700
2025-06;1;19;386900
2025-06;1;20;409800
2025-06;1;22;455000
2025-06;1;23;474900
2025-06;1;25;540200
2025-06;2;1;63600
2025-06;2;3;72400
2025-06;2;4;77500
2025-06;2;6;85500
2025-06;2;7;89600
2025-06;2;9;106700
2025-06;2;10;115400
2025-06;2;13;90700
2025-06;2;15;100900
2025-06;2;16;105500
2025-06;2;18;120200
2025-06;2;19;545900
2025-06;2;21;408700
2025-06;2;22;432600
2025-06;2;24;484800
2025-06;2;25;505600
2025-06;3;2;97600
2025-06;3;3;105700
2025-06;3;5;78500
2025-06;3;6;83400
2025-06;3;8;93000
2025-06;3;9;97300
2025-06;3;12;120400
2025-06;3;14;90300
2025-06;3;15;95700
2025-06;3;17;107500
2025-06;3;18;112100
2025-06;3;20;511300
2025-06;3;21;557100
2025-06;3;23;647000
2025-06;3;24;448600
2025-06;4;1;85100
2025-06;4;2;89100
2025-06;4;4;102000
2025-06;4;5;110700
2025-06;4;7;83200
2025-06;4;8;88200
2025-06;4;11;103700
2025-06;4;13;112900
2025-06;4;14;123000
2025-06;4;16;143100
2025-06;4;17;99200
2025-06;4;19;465600
2025-06;4;20;493100
2025-06;4;22;534600
2025-06;4;23;555900
2025-06;4;25;651800
2025-06;5;1;80900
2025-06;5;3;91300
2025-06;5;4;95400
2025-06;5;6;104100
2025-06;5;7;113600
2025-06;5;10;91800
2025-06;5;12;102800
2025-06;5;13;108900
2025-06;5;15;118300
2025-06;5;16;123100
2025-06;5;18;144500
2025-06;5;19;652200
2025-06;5;21;476900
2025-06;5;22;502800
2025-06;5;24;553100
2025-06;5;25;574800
2025-06;6;2;122100
2025-06;6;3;84900
2025-06;6;5;95100
2025-06;6;6;101000
2025-06;6;9;114300
2025-06;6;11;134400
2025-06;6;12;144500
2025-06;6;14;105900
2025-06;6;15;111600
2025-06;6;17;123000
2025-06;6;18;127900
2025-06;6;20;606400
2025-06;6;21;653200
2025-06;6;23;484900
2025-06;6;24;511300
2025-06;7;1;102000
2025-06;7;2;106300
2025-06;7;4;125200
2025-06;7;5;134800
2025-06;7;8;104300
2025-06;7;10;115000
2025-06;7;11;119700
2025-06;7;13;135400
2025-06;7;14;145900
2025-06;7;16;108400
2025-06;7;17;114400
2025-06;7;19;534900
2025-06;7;20;555900
2025-06;7;22;599100
2025-06;7;23;650300
2025-06;7;25;750000
2025-06;8;1;97900
2025-06;8;3;108200
2025-06;8;4;112600
2025-06;8;7;137600
2025-06;8;9;102300
2025-06;8;10;108000
2025-06;8;12;120400
2025-06;8;13;125200
2025-06;8;15;135100
2025-06;8;16;146700
2025-06;8;18;169300
2025-06;8;19;491700
2025-06;8;21;545100
2025-06;8;22;575500
2025-06;8;24;619900
2025-06;9;2;97300
2025-06;9;3;102700
2025-06;9;6;119300
2025-06;9;8;128800
2025-06;9;9;140000
2025-06;9;11;161800
2025-06;9;12;111900
2025-06;9;14;124200
2025-06;9;15;131100
2025-06;9;17;141400
2025-06;9;18;146600
2025-06;9;20;718300
2025-06;9;21;769600
2025-06;9;23;559500
2025-06;10;1;123800
2025-06;10;2;134600
2025-06;10;5;107800
2025-06;10;7;119800
2025-06;10;8;126600
2025-06;10;10;136600
2025-06;10;11;141700
2025-06;10;13;165400
2025-06;10;14;177300
2025-06;10;16;129000
2025-06;10;17;135600
2025-06;10;19;623700
2025-06;10;20;646700
2025-06;10;22;726200
2025-06;10;25;576100
2025-06;11;1;123000
2025-06;11;4;137900
2025-06;11;6;161200
2025-06;11;7;172900
2025-06;11;9;125900
2025-06;11;10;132400
2025-06;11;12;145100
2025-06;11;13;150600
2025-06;11;15;169100
2025-06;11;16;181800
2025-06;11;18;134300
2025-06;11;19;593700
2025-06;11;21;657600
2025-06;11;24;731200
2025-06;11;25;791800
2025-06;12;3;130100
2025-06;12;5;142700
2025-06;12;6;148100
2025-06;12;8;166500
2025-06;12;9;179100
2025-06;12;11;132400
2025-06;12;12;139400
2025-06;12;14;154500
2025-06;12;15;160200
2025-06;12;17;172000
2025-06;12;18;186300
2025-06;12;20;1055800
2025-06;12;23;846100
2025-06;12;24;884300
2025-06;13;2;177000
2025-06;13;4;131000
2025-06;13;5;137900
2025-06;13;7;153000
2025-06;13;8;158800
2025-06;13;10;170500
2025-06;13;11;184800
2025-06;13;13;212400
2025-06;13;14;146500
2025-06;13;16;161800
2025-06;13;17;170500
2025-06;13;19;768800
2025-06;13;22;924000
2025-06;13;23;988000
2025-06;13;25;715400
2025-06;14;1;157400
2025-06;14;3;169200
2025-06;14;4;183500
2025-06;14;6;211100
2025-06;14;7;145600
2025-06;14;9;160900
2025-06;14;10;169700
2025-06;14;12;182200
2025-06;14;13;188600
2025-06;14;15;219200
2025-06;14;16;234400
2025-06;14;18;169900
2025-06;14;21;816300
2025-06;14;22;844800
2025-06;14;24;945100
2025-06;14;25;1013400
2025-06;15;2;159700
2025-06;15;3;168400
2025-06;15;5;180900
2025-06;15;6;187400
2025-06;15;8;217900
2025-06;15;9;233100
2025-06;15;11;169000
2025-06;15;12;177400
2025-06;15;14;193600
2025-06;15;15;200400
2025-06;15;17;224300
2025-06;15;20;744000
2025-06;15;21;781400
2025-06;15;23;862500
2025-06;15;24;892700
2025-07;1;1;81800
2025-07;1;3;62400
2025-07;1;4;66800
2025-07;1;6;76100
2025-07;1;7;80000
2025-07;1;9;88200
2025-07;1;10;96700
2025-07;1;13;79300
2025-07;1;15;89400
2025-07;1;16;95200
2025-07;1;18;104000
2025-07;1;19;456100
2025-07;1;21;539100
2025-07;1;22;581100
2025-07;1;24;427500
2025-07;1;25;451800
2025-07;2;2;80300
2025-07;2;3;88100
2025-07;2;5;104100
2025-07;2;6;72700
2025-07;2;8;82100
2025-07;2;9;87500
2025-07;2;12;100300
2025-07;2;14;118800
2025-07;2;15;128100
2025-07;2;17;94500
2025-07;2;18;100000
2025-07;2;20;465300
2025-07;2;21;485100
2025-07;2;23;550700
2025-07;2;24;594800
2025-07;3;1;74800
2025-07;3;2;79800
2025-07;3;4;87800
2025-07;3;5;91900
2025-07;3;7;109100
2025-07;3;8;117800
2025-07;3;11;92300
2025-07;3;13;102400
2025-07;3;14;106900
2025-07;3;16;121500
2025-07;3;17;131400
2025-07;3;19;412200
2025-07;3;20;436000
2025-07;3;22;487800
2025-07;3;23;508200
2025-07;3;25;550200
2025-07;4;1;107700
2025-07;4;3;79800
2025-07;4;4;84600
2025-07;4;6;94100
2025-07;4;7;98400
2025-07;4;10;121300
2025-07;4;12;90800
2025-07;4;13;96100
2025-07;4;15;107700
2025-07;4;16;112300
2025-07;4;18;121700
2025-07;4;19;556500
2025-07;4;21;645400
2025-07;4;22;447100
2025-07;4;24;497700
2025-07;4;25;526500
2025-07;5;2;103300
2025-07;5;3;111700
2025-07;5;5;83900
2025-07;5;6;88900
2025-07;5;9;104100
2025-07;5;11;113000
2025-07;5;12;123100
2025-07;5;14;143000
2025-07;5;15;99100
2025-07;5;17;110500
2025-07;5;18;117000
2025-07;5;20;531700
2025-07;5;21;552500
2025-07;5;23;647000
2025-07;5;24;694400
2025-07;6;1;92400
2025-07;6;2;96500
2025-07;6;4;105000
2025-07;6;5;114600
2025-07;6;8;92500
2025-07;6;10;103100
2025-07;6;11;109300
2025-07;6;13;118500
2025-07;6;14;123200
2025-07;6;16;144500
2025-07;6;17;155100
2025-07;6;19;475900
2025-07;6;20;501300
2025-07;6;22;550800
2025-07;6;23;572100
2025-07;6;25;644600
2025-07;7;1;86600
2025-07;7;3;96800
2025-07;7;4;102600
2025-07;7;7;115900
2025-07;7;9;136100
2025-07;7;10;146300
2025-07;7;12;107000
2025-07;7;13;112700
2025-07;7;15;124000
2025-07;7;16;128900
2025-07;7;18;145400
2025-07;7;19;657200
2025-07;7;21;487400
2025-07;7;22;513600
2025-07;7;24;570600
2025-07;8;2;129100
2025-07;8;3;138900
2025-07;8;6;107200
2025-07;8;8;118100
2025-07;8;9;122800
2025-07;8;11;138700
2025-07;8;12;149300
2025-07;8;14;110900
2025-07;8;15;116900
2025-07;8;17;130000
2025-07;8;18;135000
2025-07;8;20;610600
2025-07;8;21;662400
2025-07;8;23;763200
2025-07;9;1;113300
2025-07;9;2;117900
2025-07;9;5;143600
2025-07;9;7;106700
2025-07;9;8;112600
2025-07;9;10;125400
2025-07;9;11;130300
2025-07;9;13;140400
2025-07;9;14;152400
2025-07;9;16;175800
2025-07;9;17;121400
2025-07;9;19;565000
2025-07;9;20;596200
2025-07;9;22;641600
2025-07;9;25;774100
2025-07;10;1;109300
2025-07;10;4;126700
2025-07;10;6;136700
2025-07;10;7;148400
2025-07;10;9;171400
2025-07;10;10;118400
2025-07;10;12;131300
2025-07;10;13;138600
2025-07;10;15;149300
2025-07;10;16;154800
2025-07;10;18;180400
2025-07;10;19;811200
2025-07;10;21;589200
2025-07;10;24;676700
2025-07;10;25;701100
2025-07;11;3;116200
2025-07;11;5;128900
2025-07;11;6;136200
2025-07;11;8;146800
2025-07;11;9;152300
2025-07;11;11;177500
2025-07;11;12;190300
2025-07;11;14;138300
2025-07;11;15;145400
2025-07;11;17;159000
2025-07;11;18;164800
2025-07;11;20;929200
2025-07;11;23;772800
2025-07;11;24;806100
2025-07;12;2;150300
2025-07;12;4;175400
2025-07;12;5;188000
2025-07;12;7;136800
2025-07;12;8;143900
2025-07;12;10;157500
2025-07;12;11;163300
2025-07;12;13;183300
2025-07;12;14;196900
2025-07;12;16;145400
2025-07;12;17;153000
2025-07;12;19;711100
2025-07;12;22;789900
2025-07;12;23;855100
2025-07;12;25;981200
2025-07;13;1;142500
2025-07;13;3;156100
2025-07;13;4;161900
2025-07;13;6;181900
2025-07;13;7;195500
2025-07;13;9;144500
2025-07;13;10;152100
2025-07;13;12;168400
2025-07;13;13;174600
2025-07;13;15;187300
2025-07;13;16;202700
2025-07;13;18;232700
2025-07;13;21;743300
2025-07;13;22;782900
2025-07;13;24;839200
2025-07;13;25;867900
2025-07;14;2;143200
2025-07;14;3;150700
2025-07;14;5;167100
2025-07;14;6;173300
2025-07;14;8;186000
2025-07;14;9;201500
2025-07;14;11;231500
2025-07;14;12;159600
2025-07;14;14;176100
2025-07;14;15;185600
2025-07;14;17;199000
2025-07;14;20;1003800
2025-07;14;21;1072900
2025-07;14;23;776400
2025-07;14;24;814200
2025-07;15;1;183800
2025-07;15;2;199200
2025-07;15;4;229100
2025-07;15;5;158000
2025-07;15;7;174500
2025-07;15;8;183900
2025-07;15;10;197400
2025-07;15;11;204200
2025-07;15;13;237200
2025-07;15;14;253500
2025-07;15;16;183600
2025-07;15;19;881700
2025-07;15;20;912200
2025-07;15;22;1020000
2025-07;15;23;1093500
2025-07;15;25;804300
2025-08;1;2;71200
2025-08;1;3;75000
2025-08;1;5;86700
2025-08;1;6;94400
2025-08;1;8;71500
2025-08;1;9;76200
2025-08;1;12;90300
2025-08;1;14;98900
2025-08;1;15;108200
2025-08;1;17;126500
2025-08;1;18;88000
2025-08;1;20;414600
2025-08;1;21;440300
2025-08;1;23;479400
2025-08;1;24;499500
2025-08;2;1;64800
2025-08;2;2;69200
2025-08;2;4;78600
2025-08;2;5;82500
2025-08;2;7;90500
2025-08;2;8;99100
2025-08;2;11;80900
2025-08;2;13;91000
2025-08;2;14;96700
2025-08;2;16;105600
2025-08;2;17;110000
2025-08;2;19;545100
2025-08;2;20;587000
2025-08;2;22;431100
2025-08;2;23;455200
2025-08;2;25;502700
2025-08;3;1;90300
2025-08;3;3;106100
2025-08;3;4;74000
2025-08;3;6;83400
2025-08;3;7;88800
2025-08;3;10;101400
2025-08;3;12;119700
2025-08;3;13;129200
2025-08;3;15;95000
2025-08;3;16;100300
2025-08;3;18;111000
2025-08;3;19;485800
2025-08;3;21;550600
2025-08;3;22;594000
2025-08;3;24;442500
2025-08;3;25;467400
2025-08;4;2;89100
2025-08;4;3;93100
2025-08;4;5;110300
2025-08;4;6;119100
2025-08;4;9;92800
2025-08;4;11;102800
2025-08;4;12;107200
2025-08;4;14;121700
2025-08;4;15;131400
2025-08;4;17;98000
2025-08;4;18;103600
2025-08;4;20;486100
2025-08;4;21;506100
2025-08;4;23;547100
2025-08;4;24;594700
2025-08;5;1;81100
2025-08;5;2;85800
2025-08;5;4;95300
2025-08;5;5;99600
2025-08;5;8;122300
2025-08;5;10;91400
2025-08;5;11;96700
2025-08;5;13;108200
2025-08;5;14;112600
2025-08;5;16;122000
2025-08;5;17;132600
2025-08;5;19;645100
2025-08;5;20;446600
2025-08;5;22;496500
2025-08;5;23;525000
2025-08;5;25;566900
2025-08;6;1;114200
2025-08;6;3;85600
2025-08;6;4;90600
2025-08;6;7;105800
2025-08;6;9;114600
2025-08;6;10;124900
2025-08;6;12;144800
2025-08;6;13;100300
2025-08;6;15;111600
2025-08;6;16;118000
2025-08;6;18;127700
2025-08;6;19;556800
2025-08;6;21;651200
2025-08;6;22;698500
2025-08;6;24;509100
2025-08;7;2;108600
2025-08;7;3;118300
2025-08;7;6;95200
2025-08;7;8;106100
2025-08;7;9;112300
2025-08;7;11;121600
2025-08;7;12;126300
2025-08;7;14;147900
2025-08;7;15;158800
2025-08;7;17;115800
2025-08;7;18;121900
2025-08;7;20;562200
2025-08;7;21;583500
2025-08;7;23;656800
2025-08;8;1;101600
2025-08;8;2;107700
2025-08;8;5;121300
2025-08;8;7;142200
2025-08;8;8;152700
2025-08;8;10;111500
2025-08;8;11;117600
2025-08;8;13;129200
2025-08;8;14;134100
2025-08;8;16;151100
2025-08;8;17;162600
2025-08;8;19;505800
2025-08;8;20;532700
2025-08;8;22;591300
2025-08;8;25;659500
2025-08;9;1;148100
2025-08;9;4;114100
2025-08;9;6;125500
2025-08;9;7;130500
2025-08;9;9;147100
2025-08;9;10;158300
2025-08;9;12;117400
2025-08;9;13;123700
2025-08;9;15;137400
2025-08;9;16;142700
2025-08;9;18;153500
2025-08;9;19;699100
2025-08;9;21;804800
2025-08;9;24;614300
2025-08;9;25;647700
2025-08;10;3;155100
2025-08;10;5;115200
2025-08;10;6;121400
2025-08;10;8;135000
2025-08;10;9;140200
2025-08;10;11;150900
2025-08;10;12;163700
2025-08;10;14;188600
2025-08;10;15;130300
2025-08;10;17;144200
2025-08;10;18;152100
2025-08;10;20;835000
2025-08;10;23;980800
2025-08;10;24;1040400
2025-08;11;2;138200
2025-08;11;4;148900
2025-08;11;5;161600
2025-08;11;7;186500
2025-08;11;8;128800
2025-08;11;10;142700
2025-08;11;11;150500
2025-08;11;13;162000
2025-08;11;14;167800
2025-08;11;16;195400
2025-08;11;17;209300
2025-08;11;19;637800
2025-08;11;22;731700
2025-08;11;23;757900
2025-08;11;25;849200
2025-08;12;1;127400
2025-08;12;3;141300
2025-08;12;4;149100
2025-08;12;6;160500
2025-08;12;7;166500
2025-08;12;9;194000
2025-08;12;10;207800
2025-08;12;12;150900
2025-08;12;13;158500
2025-08;12;15;173200
2025-08;12;16;179500
2025-08;12;18;201300
2025-08;12;21;669300
2025-08;12;22;703500
2025-08;12;24;777600
2025-08;12;25;805400
2025-08;13;2;192100
2025-08;13;3;205800
2025-08;13;5;149600
2025-08;13;6;157200
2025-08;13;8;171900
2025-08;13;9;178200
2025-08;13;11;199900
2025-08;13;12;214700
2025-08;13;14;158500
2025-08;13;15;166600
2025-08;13;17;184300
2025-08;13;20;858900
2025-08;13;21;929500
2025-08;13;23;1065800
2025-08;13;24;734400
2025-08;14;1;169800
2025-08;14;2;176100
2025-08;14;4;197700
2025-08;14;5;212400
2025-08;14;7;156900
2025-08;14;8;164900
2025-08;14;10;182600
2025-08;14;11;189100
2025-08;14;13;202700
2025-08;14;14;219500
2025-08;14;16;251900
2025-08;14;19;803500
2025-08;14;20;846000
2025-08;14;22;906400
2025-08;14;23;937100
2025-08;14;25;1086600
2025-08;15;1;162200
2025-08;15;3;179600
2025-08;15;4;186200
2025-08;15;6;199700
2025-08;15;7;216300
2025-08;15;9;248200
2025-08;15;10;171100
2025-08;15;12;188800
2025-08;15;13;198900
2025-08;15;15;213100
2025-08;15;18;255600
2025-08;15;19;1147400
2025-08;15;21;829900
2025-08;15;22;870100
2025-08;15;24;947400
2025-08;15;25;979700
2025-09;1;1;83700
2025-09;1;2;91000
2025-09;1;4;67900
2025-09;1;5;72400
2025-09;1;7;81200
2025-09;1;8;85100
2025-09;1;11;105900
2025-09;1;13;79800
2025-09;1;14;84800
2025-09;1;16;95400
2025-09;1;17;99800
2025-09;1;19;456500
2025-09;1;20;498100
2025-09;1;22;580100
2025-09;1;23;402700
2025-09;1;25;450100
2025-09;2;1;77200
2025-09;2;3;88800
2025-09;2;4;96500
2025-09;2;6;72900
2025-09;2;7;77500
2025-09;2;10;91600
2025-09;2;12;100000
2025-09;2;13;109200
2025-09;2;15;127500
2025-09;2;16;88600
2025-09;2;18;99100
2025-09;2;19;441900
2025-09;2;21;480300
2025-09;2;22;500000
2025-09;2;24;587600
2025-09;2;25;631900
2025-09;3;2;80100
2025-09;3;3;83900
2025-09;3;5;91900
2025-09;3;6;100500
2025-09;3;9;81700
2025-09;3;11;91600
2025-09;3;12;97300
2025-09;3;14;106000
2025-09;3;15;110400
2025-09;3;17;129900
2025-09;3;18;139900
2025-09;3;20;430500
2025-09;3;21;454200
2025-09;3;23;500800
2025-09;3;24;521000
2025-09;4;1;108200
2025-09;4;2;75400
2025-09;4;4;84700
2025-09;4;5;90100
2025-09;4;8;102500
2025-09;4;10;120900
2025-09;4;11;130200
2025-09;4;13;95600
2025-09;4;14;100900
2025-09;4;16;111400
2025-09;4;17;116000
2025-09;4;19;551300
2025-09;4;20;594400
2025-09;4;22;442100
2025-09;4;23;466700
2025-09;4;25;519900
2025-09;5;1;95500
2025-09;5;3;112800
2025-09;5;4;121600
2025-09;5;7;94600
2025-09;5;9;104600
2025-09;5;10;108900
2025-09;5;12;123400
2025-09;5;13;133300
2025-09;5;15;99200
2025-09;5;16;104800
2025-09;5;18;116900
2025-09;5;19;510800
2025-09;5;21;551600
2025-09;5;22;599200
2025-09;5;24;692200
2025-09;6;2;98800
2025-09;6;3;103000
2025-09;6;6;126300
2025-09;6;8;94200
2025-09;6;9;99500
2025-09;6;11;111200
2025-09;6;12;115700
2025-09;6;14;125100
2025-09;6;15;136000
2025-09;6;17;157200
2025-09;6;18;108800
2025-09;6;20;507400
2025-09;6;21;536200
2025-09;6;23;578400
2025-09;7;1;90000
2025-09;7;2;95200
2025-09;7;5;110900
2025-09;7;7;120100
2025-09;7;8;130600
2025-09;7;10;151200
2025-09;7;11;104700
2025-09;7;13;116400
2025-09;7;14;123100
2025-09;7;16;132900
2025-09;7;17;137900
2025-09;7;19;676800
2025-09;7;20;725600
2025-09;7;22;528200
2025-09;7;25;608600
2025-09;8;1;126300
2025-09;8;4;101500
2025-09;8;6;112900
2025-09;8;7;119500
2025-09;8;9;129100
2025-09;8;10;134200
2025-09;8;12;156800
2025-09;8;13;168300
2025-09;8;15;122600
2025-09;8;16;129000
2025-09;8;18;141500
2025-09;8;19;616600
2025-09;8;21;693300
2025-09;8;24;551100
2025-09;8;25;580000
2025-09;9;3;131300
2025-09;9;5;153600
2025-09;9;6;164900
2025-09;9;8;120300
2025-09;9;9;126600
2025-09;9;11;139000
2025-09;9;12;144200
2025-09;9;14;162400
2025-09;9;15;174600
2025-09;9;17;129300
2025-09;9;18;136000
2025-09;9;20;777400
2025-09;9;23;854600
2025-09;9;24;915200
2025-09;10;2;124600
2025-09;10;4;137000
2025-09;10;5;142300
2025-09;10;7;160300
2025-09;10;8;172400
2025-09;10;10;127700
2025-09;10;11;134500
2025-09;10;13;149300
2025-09;10;14;154900
2025-09;10;16;166600
2025-09;10;17;180500
2025-09;10;19;872000
2025-09;10;22;664900
2025-09;10;23;700800
2025-09;10;25;752500
2025-09;11;1;170300
2025-09;11;3;126200
2025-09;11;4;133100
2025-09;11;6;147800
2025-09;11;7;153500
2025-09;11;9;165100
2025-09;11;10;179000
2025-09;11;12;206100
2025-09;11;13;142200
2025-09;11;15;157300
2025-09;11;16;165900
2025-09;11;18;178200
2025-09;11;21;900900
2025-09;11;22;963800
2025-09;11;24;698500
2025-09;11;25;733100
2025-09;12;2;163200
2025-09;12;3;177100
2025-09;12;5;204100
2025-09;12;6;141000
2025-09;12;8;156000
2025-09;12;9;164500
2025-09;12;11;176900
2025-09;12;12;183200
2025-09;12;14;213100
2025-09;12;15;228100
2025-09;12;17;165400
2025-09;12;20;796300
2025-09;12;21;824500
2025-09;12;23;923200
2025-09;12;24;990400
2025-09;13;1;153800
2025-09;13;2;162400
2025-09;13;4;174700
2025-09;13;5;181000
2025-09;13;7;210700
2025-09;13;8;225500
2025-09;13;10;163700
2025-09;13;11;172000
2025-09;13;13;187900
2025-09;13;14;194500
2025-09;13;16;218000
2025-09;13;19;724000
2025-09;13;20;760800
2025-09;13;22;840500
2025-09;13;23;870200
2025-09;13;25;931100
2025-09;14;1;221600
2025-09;14;3;160900
2025-09;14;4;169100
2025-09;14;6;184900
2025-09;14;7;191500
2025-09;14;9;214700
2025-09;14;10;230500
2025-09;14;12;169900
2025-09;14;13;178600
2025-09;14;15;197500
2025-09;14;18;218900
2025-09;14;19;994800
2025-09;14;21;1140000
2025-09;14;22;785300
2025-09;14;24;864600
2025-09;14;25;909900
2025-09;15;2;209700
2025-09;15;3;225100
2025-09;15;5;166200
2025-09;15;6;174700
2025-09;15;8;193200
2025-09;15;9;200200
2025-09;15;11;214400
2025-09;15;12;232100
2025-09;15;14;266100
2025-09;15;17;202000
2025-09;15;18;212600
2025-09;15;20;956000
2025-09;15;21;988300
2025-09;15;23;1145300
2025-09;15;24;1223200
2025-10;1;1;68700
2025-10;1;3;75900
2025-10;1;4;79600
2025-10;1;6;95100
2025-10;1;7;102900
2025-10;1;10;81100
2025-10;1;12;90300
2025-10;1;13;94500
2025-10;1;15;107900
2025-10;1;16;116700
2025-10;1;18;87500
2025-10;1;19;389200
2025-10;1;21;436700
2025-10;1;22;455600
2025-10;1;24;494500
2025-10;1;25;538500
2025-10;2;2;69600
2025-10;2;3;73900
2025-10;2;5;82700
2025-10;2;6;86600
2025-10;2;9;107300
2025-10;2;11;80600
2025-10;2;12;85500
2025-10;2;14;96100
2025-10;2;15;100300
2025-10;2;17;109100
2025-10;2;18;118900
2025-10;2;20;580600
2025-10;2;21;402700
2025-10;2;23;449400
2025-10;2;24;475900
2025-10;3;1;90900
2025-10;3;2;98800
2025-10;3;4;74300
2025-10;3;5;78900
2025-10;3;8;92900
2025-10;3;10;101300
2025-10;3;11;110400
2025-10;3;13;128600
2025-10;3;14;89300
2025-10;3;16;99800
2025-10;3;17;105700
2025-10;3;19;482000
2025-10;3;20;501400
2025-10;3;22;588300
2025-10;3;23;632100
2025-10;3;25;462100
2025-10;4;1;86400
2025-10;4;3;94300
2025-10;4;4;102900
2025-10;4;7;83500
2025-10;4;9;93500
2025-10;4;10;99100
2025-10;4;12;107700
2025-10;4;13;112100
2025-10;4;15;131900
2025-10;4;16;141800
2025-10;4;18;103700
2025-10;4;19;459400
2025-10;4;21;505800
2025-10;4;22;525800
2025-10;4;24;593500
2025-10;5;2;88100
2025-10;5;3;93500
2025-10;5;6;106100
2025-10;5;8;124800
2025-10;5;9;134300
2025-10;5;11;98500
2025-10;5;12;103900
2025-10;5;14;114500
2025-10;5;15;119100
2025-10;5;17;134600
2025-10;5;18;145100
2025-10;5;20;452600
2025-10;5;21;477500
2025-10;5;23;531400
2025-10;6;1;119000
2025-10;6;2;128100
2025-10;6;5;99400
2025-10;6;7;109700
2025-10;6;8;114200
2025-10;6;10;129200
2025-10;6;11;139300
2025-10;6;13;103600
2025-10;6;14;109400
2025-10;6;16;121900
2025-10;6;17;126800
2025-10;6;19;574000
2025-10;6;20;623300
2025-10;6;22;719200
2025-10;6;25;550800
2025-10;7;1;110300
2025-10;7;4;134800
2025-10;7;6;100400
2025-10;7;7;106100
2025-10;7;9;118300
2025-10;7;10;123100
2025-10;7;12;132900
2025-10;7;13;144400
2025-10;7;15;166700
2025-10;7;16;115300
2025-10;7;18;127900
2025-10;7;19;567400
2025-10;7;21;611400
2025-10;7;24;739200
2025-10;7;25;791900
2025-10;8;3;120200
2025-10;8;5;129900
2025-10;8;6;141200
2025-10;8;8;163300
2025-10;8;9;113000
2025-10;8;11;125500
2025-10;8;12;132600
2025-10;8;14;143000
2025-10;8;15;148400
2025-10;8;17;173100
2025-10;8;18;185600
2025-10;8;20;706100
2025-10;8;23;796400
2025-10;8;24;822000
2025-10;9;2;111000
2025-10;9;4;123500
2025-10;9;5;130600
2025-10;9;7;141000
2025-10;9;8;146300
2025-10;9;10;170900
2025-10;9;11;183200
2025-10;9;13;133400
2025-10;9;14;140300
2025-10;9;16;153700
2025-10;9;17;159400
2025-10;9;19;752200
2025-10;9;22;597100
2025-10;9;23;628200
2025-10;9;25;695600
2025-10;10;1;144300
2025-10;10;3;168700
2025-10;10;4;181100
2025-10;10;6;131900
2025-10;10;7;138800
2025-10;10;9;152200
2025-10;10;10;157900
2025-10;10;12;177500
2025-10;10;13;190900
2025-10;10;15;141100
2025-10;10;16;148600
2025-10;10;18;164600
2025-10;10;21;769100
2025-10;10;22;833200
2025-10;10;24;957000
2025-10;10;25;659900
2025-10;11;2;150300
2025-10;11;3;156100
2025-10;11;5;175600
2025-10;11;6;188900
2025-10;11;8;139800
2025-10;11;9;147100
2025-10;11;11;163200
2025-10;11;12;169200
2025-10;11;14;181800
2025-10;11;15;197000
2025-10;11;17;226400
2025-10;11;20;724100
2025-10;11;21;763000
2025-10;11;23;818700
2025-10;11;24;847100
2025-10;12;1;137700
2025-10;12;2;145100
2025-10;12;4;161000
2025-10;12;5;167100
2025-10;12;7;179500
2025-10;12;8;194700
2025-10;12;10;223900
2025-10;12;11;154500
2025-10;12;13;170700
2025-10;12;14;179900
2025-10;12;16;193200
2025-10;12;19;975600
2025-10;12;20;1043300
2025-10;12;22;755700
2025-10;12;23;792800
2025-10;12;25;864600
2025-10;13;1;191000
2025-10;13;3;219900
2025-10;13;4;151800
2025-10;13;6;167800
2025-10;13;7;176900
2025-10;13;9;190000
2025-10;13;10;196800
2025-10;13;12;228800
2025-10;13;13;244800
2025-10;13;15;177400
2025-10;13;18;203100
2025-10;13;19;883000
2025-10;13;21;988300
2025-10;13;22;1059900
2025-10;13;24;780300
2025-10;13;25;819500
2025-10;14;2;185500
2025-10;14;3;192100
2025-10;14;5;223500
2025-10;14;6;239100
2025-10;14;8;173500
2025-10;14;9;182100
2025-10;14;11;198800
2025-10;14;12;205800
2025-10;14;14;230500
2025-10;14;17;182100
2025-10;14;18;191400
2025-10;14;20;887200
2025-10;14;21;918400
2025-10;14;23;982100
2025-10;14;24;1062000
2025-10;15;1;168100
2025-10;15;2;176500
2025-10;15;4;192800
2025-10;15;5;199700
2025-10;15;7;223800
2025-10;15;8;240100
2025-10;15;10;177000
2025-10;15;11;186000
2025-10;15;13;205400
2025-10;15;16;227600
2025-10;15;17;246200
2025-10;15;19;1184100
2025-10;15;20;815500
2025-10;15;22;897400
2025-10;15;23;944100
2025-10;15;25;1009900
2025-11;1;2;92000
2025-11;1;3;64200
2025-11;1;5;72800
2025-11;1;6;77700
2025-11;1;9;89200
2025-11;1;11;105800
2025-11;1;12;114300
2025-11;1;14;84400
2025-11;1;15;89300
2025-11;1;17;99100
2025-11;1;18;103400
2025-11;1;20;493600
2025-11;1;21;533200
2025-11;1;23;398200
2025-11;1;24;421100
2025-11;2;1;78000
2025-11;2;2;81800
2025-11;2;4;97200
2025-11;2;5;105200
2025-11;2;8;82500
2025-11;2;10;91700
2025-11;2;11;95800
2025-11;2;13;109100
2025-11;2;14;117900
2025-11;2;16;88200
2025-11;2;17;93300
2025-11;2;19;439200
2025-11;2;20;457800
2025-11;2;22;496100
2025-11;2;23;539800
2025-11;2;25;625700
2025-11;3;1;76400
2025-11;3;3;85200
2025-11;3;4;89000
2025-11;3;7;110000
2025-11;3;9;82500
2025-11;3;10;87400
2025-11;3;12;98000
2025-11;3;13;102200
2025-11;3;15;110900
2025-11;3;16;120700
2025-11;3;18;140200
2025-11;3;19;408100
2025-11;3;21;454700
2025-11;3;22;481200
2025-11;3;24;520700
2025-11;4;2;77500
2025-11;4;3;82200
2025-11;4;6;96400
2025-11;4;8;104800
2025-11;4;9;114200
2025-11;4;11;132800
2025-11;4;12;92100
2025-11;4;14;102800
2025-11;4;15;108800
2025-11;4;17;117900
2025-11;4;18;122600
2025-11;4;20;603300
2025-11;4;21;647900
2025-11;4;23;473000
2025-11;5;1;99700
2025-11;5;2;108800
2025-11;5;5;88000
2025-11;5;7;98300
2025-11;5;8;104200
2025-11;5;10;113000
2025-11;5;11;117600
2025-11;5;13;137900
2025-11;5;14;148200
2025-11;5;16;108300
2025-11;5;17;114200
2025-11;5;19;527300
2025-11;5;20;547800
2025-11;5;22;617600
2025-11;5;25;492700
2025-11;6;1;100400
2025-11;6;4;113500
2025-11;6;6;133400
2025-11;6;7;143400
2025-11;6;9;105000
2025-11;6;10;110700
2025-11;6;12;121900
2025-11;6;13;126700
2025-11;6;15;143000
2025-11;6;16;154000
2025-11;6;18;114300
2025-11;6;19;505900
2025-11;6;21;562400
2025-11;6;24;628700
2025-11;6;25;681900
2025-11;7;3;107900
2025-11;7;5;119000
2025-11;7;6;123700
2025-11;7;8;139800
2025-11;7;9;150700
2025-11;7;11;111900
2025-11;7;12;118100
2025-11;7;14;131300
2025-11;7;15;136500
2025-11;7;17;147000
2025-11;7;18;159600
2025-11;7;20;907700
2025-11;7;23;730800
2025-11;7;24;765100
2025-11;8;2;147900
2025-11;8;4;110000
2025-11;8;5;116100
2025-11;8;7;129300
2025-11;8;8;134400
2025-11;8;10;144900
2025-11;8;11;157400
2025-11;8;13;181700
2025-11;8;14;125600
2025-11;8;16;139100
2025-11;8;17;146900
2025-11;8;19;664000
2025-11;8;22;801800
2025-11;8;23;858600
2025-11;8;25;623500
2025-11;9;1;132400
2025-11;9;3;143000
2025-11;9;4;155300
2025-11;9;6;179400
2025-11;9;7;124000
2025-11;9;9;137500
2025-11;9;10;145300
2025-11;9;12;156600
2025-11;9;13;162400
2025-11;9;15;189300
2025-11;9;16;202700
2025-11;9;18;147400
2025-11;9;21;711400
2025-11;9;22;737300
2025-11;9;24;827000
2025-11;9;25;888000
2025-11;10;2;135700
2025-11;10;3;143400
2025-11;10;5;154700
2025-11;10;6;160500
2025-11;10;8;187300
2025-11;10;9;200700
2025-11;10;11;146000
2025-11;10;12;153500
2025-11;10;14;168000
2025-11;10;15;174100
2025-11;10;17;195400
2025-11;10;20;651000
2025-11;10;21;684700
2025-11;10;23;757600
2025-11;10;24;785100
2025-11;11;1;184300
2025-11;11;2;197600
2025-11;11;4;143800
2025-11;11;5;151300
2025-11;11;7;165800
2025-11;11;8;171900
2025-11;11;10;193100
2025-11;11;11;207500
2025-11;11;13;153300
2025-11;11;14;161300
2025-11;11;16;178600
2025-11;11;19;833600
2025-11;11;20;902600
2025-11;11;22;1036100
2025-11;11;23;714100
2025-11;11;25;787500
2025-11;12;1;168500
2025-11;12;3;189400
2025-11;12;4;203600
2025-11;12;6;150600
2025-11;12;7;158400
2025-11;12;9;175600
2025-11;12;10;182100
2025-11;12;12;195300
2025-11;12;13;211600
2025-11;12;15;243100
2025-11;12;18;184900
2025-11;12;19;818000
2025-11;12;21;877100
2025-11;12;22;907300
2025-11;12;24;1052900
2025-11;12;25;1125300
2025-11;13;2;171200
2025-11;13;3;177600
2025-11;13;5;190600
2025-11;13;6;206500
2025-11;13;8;237400
2025-11;13;9;163700
2025-11;13;11;180800
2025-11;13;12;190500
2025-11;13;14;204400
2025-11;13;17;245600
2025-11;13;18;262600
2025-11;13;20;798300
2025-11;13;21;837400
2025-11;13;23;912500
2025-11;13;24;944000
2025-11;14;1;229800
2025-11;14;2;158600
2025-11;14;4;175200
2025-11;14;5;184700
2025-11;14;7;198300
2025-11;14;8;205200
2025-11;14;10;238500
2025-11;14;11;255000
2025-11;14;13;184700
2025-11;14;16;211300
2025-11;14;17;218700
2025-11;14;19;1027200
2025-11;14;20;1101300
2025-11;14;22;810400
2025-11;14;23;850900
2025-11;14;25;938400
2025-11;15;1;197400
2025-11;15;3;229400
2025-11;15;4;245400
2025-11;15;6;177900
2025-11;15;7;186700
2025-11;15;9;203700
2025-11;15;10;210800
2025-11;15;12;236000
2025-11;15;15;186300
2025-11;15;16;195600
2025-11;15;18;215900
2025-11;15;19;938300
2025-11;15;21;1002900
2025-11;15;22;1084200
2025-11;15;24;1240600
2025-11;15;25;854000
2025-12;1;1;69600
2025-12;1;2;73200
2025-12;1;4;80500
2025-12;1;5;88300
2025-12;1;8;72200
2025-12;1;10;81400
2025-12;1;11;86500
2025-12;1;13;94600
2025-12;1;14;98600
2025-12;1;16;116500
2025-12;1;17;125500
2025-12;1;19;387500
2025-12;1;20;409500
2025-12;1;22;452600
2025-12;1;23;471400
2025-12;1;25;534000
2025-12;2;1;66700
2025-12;2;3;75300
2025-12;2;4;80200
2025-12;2;7;91800
2025-12;2;9;108500
2025-12;2;10;117100
2025-12;2;12;86300
2025-12;2;13;91200
2025-12;2;15;101000
2025-12;2;16;105300
2025-12;2;18;119400
2025-12;2;19;541600
2025-12;2;21;403800
2025-12;2;22;426600
2025-12;2;24;476300
2025-12;3;2;101700
2025-12;3;3;109900
2025-12;3;6;85800
2025-12;3;8;95200
2025-12;3;9;99300
2025-12;3;11;112900
2025-12;3;12;122000
2025-12;3;14;91100
2025-12;3;15;96300
2025-12;3;17;107700
2025-12;3;18;112100
2025-12;3;20;509600
2025-12;3;21;554200
2025-12;3;23;641500
2025-12;4;1;90300
2025-12;4;2;94400
2025-12;4;5;116100
2025-12;4;7;86900
2025-12;4;8;92000
2025-12;4;10;103000
2025-12;4;11;107400
2025-12;4;13;116300
2025-12;4;14;126600
2025-12;4;16;146700
2025-12;4;17;101600
2025-12;4;19;474800
2025-12;4;20;502200
2025-12;4;22;542600
2025-12;4;25;658800
2025-12;5;1;88400
2025-12;5;4;103500
2025-12;5;6;112200
2025-12;5;7;122300
2025-12;5;9;141900
2025-12;5;10;98300
2025-12;5;12;109600
2025-12;5;13;115900
2025-12;5;15;125500
2025-12;5;16;130300
2025-12;5;18;152600
2025-12;5;19;687500
2025-12;5;21;501300
2025-12;5;24;579000
2025-12;5;25;601000
2025-12;6;3;95700
2025-12;6;5;106800
2025-12;6;6;113000
2025-12;6;8;122500
2025-12;6;9;127300
2025-12;6;11;149200
2025-12;6;12;160100
2025-12;6;14;117000
2025-12;6;15;123100
2025-12;6;17;135300
2025-12;6;18;140500
2025-12;6;20;794900
2025-12;6;23;664700
2025-12;6;24;694500
2025-12;7;2;124800
2025-12;7;4;146400
2025-12;7;5;157200
2025-12;7;7;114900
2025-12;7;8;121100
2025-12;7;10;133100
2025-12;7;11;138300
2025-12;7;13;156000
2025-12;7;14;167900
2025-12;7;16;124400
2025-12;7;17;131100
2025-12;7;19;611600
2025-12;7;22;682700
2025-12;7;23;740200
2025-12;7;25;851900
2025-12;8;1;119100
2025-12;8;3;131100
2025-12;8;4;136300
2025-12;8;6;153800
2025-12;8;7;165600
2025-12;8;9;122900
2025-12;8;10;129600
2025-12;8;12;144000
2025-12;8;13;149600
2025-12;8;15;161000
2025-12;8;16;174600
2025-12;8;18;201100
2025-12;8;21;645300
2025-12;8;22;680600
2025-12;8;24;731600
2025-12;8;25;757700
2025-12;9;2;121100
2025-12;9;3;127700
2025-12;9;5;142100
2025-12;9;6;147700
2025-12;9;8;159000
2025-12;9;9;172600
2025-12;9;11;199000
2025-12;9;12;137400
2025-12;9;14;152200
2025-12;9;15;160600
2025-12;9;17;172800
2025-12;9;20;875100
2025-12;9;21;936700
2025-12;9;23;679700
2025-12;9;24;713700
2025-12;10;1;156300
2025-12;10;2;169800
2025-12;10;4;195900
2025-12;10;5;135400
2025-12;10;7;150000
2025-12;10;8;158400
2025-12;10;10;170400
2025-12;10;11;176700
2025-12;10;13;205900
2025-12;10;14;220400
2025-12;10;16;160000
2025-12;10;19;771700
2025-12;10;20;799500
2025-12;10;22;896200
2025-12;10;23;961900
2025-12;10;25;709200
2025-12;11;1;155000
2025-12;11;3;167100
2025-12;11;4;173300
2025-12;11;6;201900
2025-12;11;7;216300
2025-12;11;9;157200
2025-12;11;10;165200
2025-12;11;12;180700
2025-12;11;13;187300
2025-12;11;15;210000
2025-12;11;18;166400
2025-12;11;19;734600
2025-12;11;21;812300
2025-12;11;22;841500
2025-12;11;24;901200
2025-12;11;25;975200
2025-12;12;2;153100
2025-12;12;3;161000
2025-12;12;5;176200
2025-12;12;6;182600
2025-12;12;8;205000
2025-12;12;9;220200
2025-12;12;11;162500
2025-12;12;12;170900
2025-12;12;14;189200
2025-12;12;17;210000
2025-12;12;18;227400
2025-12;12;20;1095300
2025-12;12;21;754800
2025-12;12;23;831900
2025-12;12;24;875800
2025-12;13;1;198200
2025-12;13;2;213000
2025-12;13;4;157400
2025-12;13;5;165600
2025-12;13;7;183300
2025-12;13;8;190000
2025-12;13;10;203800
2025-12;13;11;220600
2025-12;13;13;253300
2025-12;13;16;192500
2025-12;13;17;202700
2025-12;13;19;912400
2025-12;13;20;943500
2025-12;13;22;1094300
2025-12;13;23;1169300
2025-12;13;25;845600
2025-12;14;1;182600
2025-12;14;3;195900
2025-12;14;4;212200
2025-12;14;6;243700
2025-12;14;7;168000
2025-12;14;9;185400
2025-12;14;10;195300
2025-12;14;12;209400
2025-12;14;15;251400
2025-12;14;16;268600
2025-12;14;18;194400
2025-12;14;19;856100
2025-12;14;21;932500
2025-12;14;22;964400
2025-12;14;24;1077700
2025-12;14;25;1154900
2025-12;15;2;177100
2025-12;15;3;186600
2025-12;15;5;200200
2025-12;15;6;207100
2025-12;15;8;240500
2025-12;15;9;257200
2025-12;15;11;186200
2025-12;15;14;212700
2025-12;15;15;220100
2025-12;15;17;246100
2025-12;15;18;263800
2025-12;15;20;814800
2025-12;15;21;855200
2025-12;15;23;942700
2025-12;15;24;975200
2026-01;1;1;56300
2026-01;1;3;43700
2026-01;1;4;47000
2026-01;1;7;57300
2026-01;1;9;63700
2026-01;1;10;70300
2026-01;1;12;83400
2026-01;1;13;58400
2026-01;1;15;66300
2026-01;1;16;70800
2026-01;1;18;78000
2026-01;1;19;343100
2026-01;1;21;407800
2026-01;1;22;440900
2026-01;1;24;326000
2026-01;2;2;58000
2026-01;2;3;64100
2026-01;2;6;53600
2026-01;2;8;61100
2026-01;2;9;65400
2026-01;2;11;72200
2026-01;2;12;75800
2026-01;2;14;90300
2026-01;2;15;97800
2026-01;2;17;72500
2026-01;2;18;76900
2026-01;2;20;359900
2026-01;2;21;376300
2026-01;2;23;429200
2026-01;3;1;56500
2026-01;3;2;60500
2026-01;3;5;70500
2026-01;3;7;84500
2026-01;3;8;91600
2026-01;3;10;68100
2026-01;3;11;72400
2026-01;3;13;80800
2026-01;3;14;84600
2026-01;3;16;96700
2026-01;3;17;104700
2026-01;3;19;330300
2026-01;3;20;350200
2026-01;3;22;393400
2026-01;3;25;446300
2026-01;4;1;86100
2026-01;4;4;68400
2026-01;4;6;76500
2026-01;4;7;80300
2026-01;4;9;92000
2026-01;4;10;99800
2026-01;4;12;75100
2026-01;4;13;79700
2026-01;4;15;89700
2026-01;4;16;93700
2026-01;4;18;102100
2026-01;4;19;467700
2026-01;4;21;544400
2026-01;4;24;422100
2026-01;4;25;447400
2026-01;5;3;95400
2026-01;5;5;72000
2026-01;5;6;76500
2026-01;5;8;86300
2026-01;5;9;90200
2026-01;5;11;98500
2026-01;5;12;107500
2026-01;5;14;125500
2026-01;5;15;87100
2026-01;5;17;97600
2026-01;5;18;103400
2026-01;5;20;573700
2026-01;5;23;683700
2026-01;5;24;728600
2026-01;6;2;87100
2026-01;6;4;95200
2026-01;6;5;104000
2026-01;6;7;121600
2026-01;6;8;84600
2026-01;6;10;94900
2026-01;6;11;100700
2026-01;6;13;109500
2026-01;6;14;114100
2026-01;6;16;134200
2026-01;6;17;144400
2026-01;6;19;444500
2026-01;6;22;516800
2026-01;6;23;537500
2026-01;6;25;607300
2026-01;7;1;82000
2026-01;7;3;92100
2026-01;7;4;97900
2026-01;7;6;106700
2026-01;7;7;111300
2026-01;7;9;131100
2026-01;7;10;141100
2026-01;7;12;103600
2026-01;7;13;109400
2026-01;7;15;120700
2026-01;7;16;125700
2026-01;7;18;142100
2026-01;7;21;478500
2026-01;7;22;505000
2026-01;7;24;562400
2026-01;7;25;584700
2026-01;8;2;127600
2026-01;8;3;137500
2026-01;8;5;101000
2026-01;8;6;106800
2026-01;8;8;118000
2026-01;8;9;123000
2026-01;8;11;139300
2026-01;8;12;150300
2026-01;8;14;111900
2026-01;8;15;118100
2026-01;8;17;131700
2026-01;8;20;621100
2026-01;8;21;674700
2026-01;8;23;779200
2026-01;8;24;538700
2026-01;9;1;114700
2026-01;9;2;119600
2026-01;9;4;135600
2026-01;9;5;146500
2026-01;9;7;109200
2026-01;9;8;115400
2026-01;9;10;128800
2026-01;9;11;134100
2026-01;9;13;144900
2026-01;9;14;157500
2026-01;9;16;182100
2026-01;9;19;587300
2026-01;9;20;620500
2026-01;9;22;669100
2026-01;9;23;694100
2026-01;9;25;809900
2026-01;10;1;111900
2026-01;10;3;125000
2026-01;10;4;130200
2026-01;10;6;141000
2026-01;10;7;153200
2026-01;10;9;177400
2026-01;10;10;122800
2026-01;10;12;136400
2026-01;10;13;144200
2026-01;10;15;155800
2026-01;10;18;188700
2026-01;10;19;849700
2026-01;10;21;618400
2026-01;10;22;650300
2026-01;10;24;712300
2026-01;10;25;738800
2026-01;11;2;171200
2026-01;11;3;118600
2026-01;11;5;132000
2026-01;11;6;139600
2026-01;11;8;150900
2026-01;11;9;156600
2026-01;11;11;183100
2026-01;11;12;196400
2026-01;11;14;143000
2026-01;11;17;165000
2026-01;11;18;171200
2026-01;11;20;808200
2026-01;11;21;868700
2026-01;11;23;642200
2026-01;11;24;675900
2026-01;12;1;144700
2026-01;12;2;150400
2026-01;12;4;175900
2026-01;12;5;188700
2026-01;12;7;137700
2026-01;12;8;144900
2026-01;12;10;159000
2026-01;12;11;165000
2026-01;12;13;185700
2026-01;12;16;147700
2026-01;12;17;155600
2026-01;12;19;724300
2026-01;12;20;751300
2026-01;12;22;806600
2026-01;12;23;873900
2026-01;12;25;1004200
2026-01;13;1;138200
2026-01;13;3;151800
2026-01;13;4;157600
2026-01;13;6;177500
2026-01;13;7;191000
2026-01;13;9;141400
2026-01;13;10;148900
2026-01;13;12;165300
2026-01;13;15;184200
2026-01;13;16;199700
2026-01;13;18;229700
2026-01;13;19;665600
2026-01;13;21;735200
2026-01;13;22;774900
2026-01;13;24;831800
2026-01;13;25;860900
2026-01;14;2;134200
2026-01;14;3;141400
2026-01;14;5;157000
2026-01;14;6;163000
2026-01;14;8;175200
2026-01;14;9;190100
2026-01;14;11;218700
2026-01;14;14;166900
2026-01;14;15;176000
2026-01;14;17;189000
2026-01;14;18;195700
2026-01;14;20;955500
2026-01;14;21;1022000
2026-01;14;23;740600
2026-01;14;24;777200
2026-01;15;1;165500
2026-01;15;2;179500
2026-01;15;4;206800
2026-01;15;5;142800
2026-01;15;7;158000
2026-01;15;8;166600
2026-01;15;10;179100
2026-01;15;13;215700
2026-01;15;14;230800
2026-01;15;16;167500
2026-01;15;17;175800
2026-01;15;19;805800
2026-01;15;20;834200
2026-01;15;22;934000
2026-01;15;23;1001900
2026-01;15;25;737800
2026-02;1;2;50600
2026-02;1;3;53700
2026-02;1;6;68700
2026-02;1;8;52500
2026-02;1;9;56200
2026-02;1;11;64200
2026-02;1;12;67600
2026-02;1;14;74500
2026-02;1;15;81800
2026-02;1;17;96300
2026-02;1;18;67200
2026-02;1;20;318400
2026-02;1;21;339000
2026-02;1;23;371100
2026-02;2;1;48200
2026-02;2;2;51700
2026-02;2;5;62600
2026-02;2;7;69300
2026-02;2;8;76200
2026-02;2;10;90100
2026-02;2;11;63000
2026-02;2;13;71200
2026-02;2;14;76000
2026-02;2;16;83300
2026-02;2;17;87200
2026-02;2;19;434000
2026-02;2;20;468600
2026-02;2;22;345600
2026-02;2;25;405800
2026-02;3;1;71200
2026-02;3;4;59200
2026-02;3;6;67200
2026-02;3;7;71800
2026-02;3;9;79100
2026-02;3;10;82800
2026-02;3;12;98300
2026-02;3;13;106300
2026-02;3;15;78600
2026-02;3;16;83300
2026-02;3;18;92500
2026-02;3;19;406000
2026-02;3;21;462000
2026-02;3;24;373500
2026-02;3;25;395200
2026-02;4;3;78800
2026-02;4;5;93900
2026-02;4;6;101700
2026-02;4;8;75400
2026-02;4;9;80000
2026-02;4;11;89100
2026-02;4;12;93100
2026-02;4;14;106200
2026-02;4;15;115000
2026-02;4;17;86100
2026-02;4;18;91200
2026-02;4;20;526700
2026-02;4;23;588100
2026-02;4;24;632900
2026-02;5;2;76800
2026-02;5;4;85800
2026-02;5;5;89800
2026-02;5;7;102700
2026-02;5;8;111300
2026-02;5;10;83500
2026-02;5;11;88500
2026-02;5;13;99400
2026-02;5;14;103800
2026-02;5;16;112800
2026-02;5;17;122900
2026-02;5;19;599900
2026-02;5;22;464000
2026-02;5;23;491300
2026-02;5;25;532100
2026-02;6;1;107500
2026-02;6;3;80800
2026-02;6;4;85800
2026-02;6;6;96600
2026-02;6;7;101000
2026-02;6;9;109900
2026-02;6;10;119800
2026-02;6;12;139500
2026-02;6;13;96800
2026-02;6;15;108200
2026-02;6;16;114700
2026-02;6;18;124300
2026-02;6;21;637000
2026-02;6;22;684300
2026-02;6;24;500000
2026-02;6;25;526800
2026-02;7;2;106700
2026-02;7;3;116500
2026-02;7;5;135800
2026-02;7;6;94300
2026-02;7;8;105600
2026-02;7;9;111900
2026-02;7;11;121600
2026-02;7;12;126500
2026-02;7;14;148600
2026-02;7;15;159800
2026-02;7;17;116900
2026-02;7;20;569800
2026-02;7;21;592300
2026-02;7;23;668300
2026-02;7;24;719600
2026-02;8;1;102300
2026-02;8;2;108600
2026-02;8;4;118200
2026-02;8;5;123100
2026-02;8;7;144800
2026-02;8;8;155900
2026-02;8;10;114200
2026-02;8;11;120400
2026-02;8;13;132700
2026-02;8;14;138100
2026-02;8;16;156000
2026-02;8;19;524100
2026-02;8;20;552800
2026-02;8;22;614900
2026-02;8;23;638900
2026-02;8;25;688100
2026-02;9;1;150700
2026-02;9;3;110600
2026-02;9;4;116700
2026-02;9;6;128900
2026-02;9;7;134100
2026-02;9;9;151600
2026-02;9;10;163500
2026-02;9;12;121600
2026-02;9;13;128300
2026-02;9;15;142900
2026-02;9;18;160100
2026-02;9;19;730100
2026-02;9;21;842400
2026-02;9;22;582100
2026-02;9;24;645000
2026-02;9;25;680700
2026-02;10;2;146200
2026-02;10;3;157700
2026-02;10;5;117400
2026-02;10;6;124000
2026-02;10;8;138200
2026-02;10;9;143800
2026-02;10;11;155200
2026-02;10;12;168600
2026-02;10;14;194700
2026-02;10;17;149200
2026-02;10;18;157500
2026-02;10;20;713000
2026-02;10;21;739200
2026-02;10;23;861700
2026-02;10;24;923000
2026-02;11;1;132400
2026-02;11;2;137800
2026-02;11;4;148800
2026-02;11;5;161700
2026-02;11;7;187000
2026-02;11;8;129300
2026-02;11;10;143600
2026-02;11;11;151700
2026-02;11;13;163600
2026-02;11;16;198000
2026-02;11;17;212200
2026-02;11;19;648100
2026-02;11;20;681100
2026-02;11;22;745500
2026-02;11;23;772800
2026-02;11;25;867300
2026-02;12;1;123200
2026-02;12;3;136900
2026-02;12;4;144700
2026-02;12;6;156300
2026-02;12;7;162100
2026-02;12;9;189300
2026-02;12;10;203000
2026-02;12;12;147700
2026-02;12;15;170100
2026-02;12;16;176500
2026-02;12;18;198100
2026-02;12;19;894200
2026-02;12;21;660600
2026-02;12;22;694900
2026-02;12;24;769200
2026-02;12;25;797300
2026-02;13;2;179500
2026-02;13;3;192400
2026-02;13;5;140200
2026-02;13;6;147500
2026-02;13;8;161700
2026-02;13;9;167700
2026-02;13;11;188500
2026-02;13;14;149800
2026-02;13;15;157600
2026-02;13;17;174600
2026-02;13;18;181100
2026-02;13;20;815800
2026-02;13;21;883600
2026-02;13;23;1014700
2026-02;13;24;699600
2026-02;14;1;152400
2026-02;14;2;158300
2026-02;14;4;178100
2026-02;14;5;191500
2026-02;14;7;141600
2026-02;14;8;149100
2026-02;14;10;165300
2026-02;14;13;184100
2026-02;14;14;199500
2026-02;14;16;229200
2026-02;14;17;158100
2026-02;14;19;732900
2026-02;14;20;772200
2026-02;14;22;828400
2026-02;14;23;857100
2026-02;14;25;995100
2026-02;15;1;140300
2026-02;15;3;155700
2026-02;15;4;161600
2026-02;15;6;173600
2026-02;15;7;188200
2026-02;15;9;216300
2026-02;15;12;164900
2026-02;15;13;173700
2026-02;15;15;186600
2026-02;15;16;193000
2026-02;15;18;224300
2026-02;15;19;1007200
2026-02;15;21;729400
2026-02;15;22;765300
2026-02;15;24;834300
2026-02;15;25;863200
2026-03;1;1;61300
2026-03;1;2;67000
2026-03;1;5;54200
2026-03;1;7;61400
2026-03;1;8;64700
2026-03;1;10;74800
2026-03;1;11;81600
2026-03;1;13;61900
2026-03;1;14;66000
2026-03;1;16;74800
2026-03;1;17;78400
2026-03;1;19;360800
2026-03;1;20;394800
2026-03;1;22;462200
2026-03;1;25;361200
2026-03;2;1;60100
2026-03;2;4;76300
2026-03;2;6;58100
2026-03;2;7;62000
2026-03;2;9;70600
2026-03;2;10;74100
2026-03;2;12;81500
2026-03;2;13;89300
2026-03;2;15;104800
2026-03;2;16;73000
2026-03;2;18;82200
2026-03;2;19;367000
2026-03;2;21;400800
2026-03;2;24;493500
2026-03;2;25;531600
2026-03;3;3;70200
2026-03;3;5;77500
2026-03;3;6;85000
2026-03;3;8;100000
2026-03;3;9;69800
2026-03;3;11;78800
2026-03;3;12;83900
2026-03;3;14;91800
2026-03;3;15;95900
2026-03;3;17;113400
2026-03;3;18;122300
2026-03;3;20;471200
2026-03;3;23;540400
2026-03;3;24;560700
2026-03;4;2;66800
2026-03;4;4;75600
2026-03;4;5;80600
2026-03;4;7;88500
2026-03;4;8;92600
2026-03;4;10;109700
2026-03;4;11;118400
2026-03;4;13;87400
2026-03;4;14;92400
2026-03;4;16;102500
2026-03;4;17;107000
2026-03;4;19;510300
2026-03;4;22;411400
2026-03;4;23;435000
2026-03;4;25;486200
2026-03;5;1;89100
2026-03;5;3;105900
2026-03;5;4;114500
2026-03;5;6;84700
2026-03;5;7;89700
2026-03;5;9;99700
2026-03;5;10;104000
2026-03;5;12;118400
2026-03;5;13;128000
2026-03;5;15;95700
2026-03;5;16;101300
2026-03;5;18;113400
2026-03;5;21;537300
2026-03;5;22;584600
2026-03;5;24;677400
2026-03;5;25;469000
2026-03;6;2;96400
2026-03;6;3;100800
2026-03;6;5;114900
2026-03;6;6;124400
2026-03;6;8;93100
2026-03;6;9;98700
2026-03;6;11;110700
2026-03;6;12;115400
2026-03;6;14;125200
2026-03;6;15;136300
2026-03;6;17;158100
2026-03;6;20;512500
2026-03;6;21;542300
2026-03;6;23;586600
2026-03;6;24;609300
2026-03;7;1;90100
2026-03;7;2;95500
2026-03;7;4;107300
2026-03;7;5;112000
2026-03;7;7;121700
2026-03;7;8;132600
2026-03;7;10;154100
2026-03;7;11;106900
2026-03;7;13;119100
2026-03;7;14;126200
2026-03;7;16;136700
2026-03;7;19;698900
2026-03;7;20;750300
2026-03;7;22;547600
2026-03;7;23;576600
2026-03;7;25;633200
2026-03;8;1;128000
2026-03;8;3;148900
2026-03;8;4;103400
2026-03;8;6;115500
2026-03;8;7;122300
2026-03;8;9;132700
2026-03;8;10;138000
2026-03;8;12;161800
2026-03;8;13;173900
2026-03;8;15;127100
2026-03;8;18;147200
2026-03;8;19;642100
2026-03;8;21;723600
2026-03;8;22;778700
2026-03;8;24;577100
2026-03;8;25;608000
2026-03;9;2;127600
2026-03;9;3;132800
2026-03;9;5;156000
2026-03;9;6;167700
2026-03;9;8;122700
2026-03;9;9;129400
2026-03;9;11;142400
2026-03;9;12;148000
2026-03;9;14;167000
2026-03;9;17;133300
2026-03;9;18;140500
2026-03;9;20;656000
2026-03;9;21;681300
2026-03;9;23;733100
2026-03;9;24;795100
2026-03;10;1;117300
2026-03;10;2;123800
2026-03;10;4;136400
2026-03;10;5;141800
2026-03;10;7;160200
2026-03;10;8;172600
2026-03;10;10;128100
2026-03;10;11;135100
2026-03;10;13;150400
2026-03;10;16;168200
2026-03;10;17;182600
2026-03;10;19;883800
2026-03;10;20;610400
2026-03;10;22;675600
2026-03;10;23;712900
2026-03;10;25;766700
2026-03;11;1;164100
2026-03;11;3;122000
2026-03;11;4;128700
2026-03;11;6;143400
2026-03;11;7;149100
2026-03;11;9;160600
2026-03;11;10;174400
2026-03;11;12;201200
2026-03;11;15;154000
2026-03;11;16;162600
2026-03;11;18;175000
2026-03;11;19;761700
2026-03;11;21;887300
2026-03;11;22;949900
2026-03;11;24;689600
2026-03;11;25;724400
2026-03;12;2;152000
2026-03;12;3;165100
2026-03;12;5;190600
2026-03;12;6;131800
2026-03;12;8;146200
2026-03;12;9;154300
2026-03;12;11;166400
2026-03;12;14;201000
2026-03;12;15;215300
2026-03;12;17;156400
2026-03;12;18;164300
2026-03;12;20;754800
2026-03;12;21;782100
2026-03;12;23;877200
2026-03;12;24;941800
2026-03;13;1;137700
2026-03;13;2;145500
2026-03;13;4;156900
2026-03;13;5;162700
2026-03;13;7;189800
2026-03;13;8;203500
2026-03;13;10;147900
2026-03;13;13;170100
2026-03;13;14;176400
2026-03;13;16;197900
2026-03;13;17;212700
2026-03;13;19;659100
2026-03;13;20;693100
2026-03;13;22;766800
2026-03;13;23;794500
2026-03;13;25;851200
2026-03;14;1;191300
2026-03;14;3;139200
2026-03;14;4;146300
2026-03;14;6;160300
2026-03;14;7;166200
2026-03;14;9;186700
2026-03;14;12;148100
2026-03;14;13;155800
2026-03;14;15;172500
2026-03;14;16;178800
2026-03;14;18;191700
2026-03;14;19;871600
2026-03;14;21;1000300
2026-03;14;22;689500
2026-03;14;24;760200
2026-03;14;25;800400
2026-03;15;2;175500
2026-03;15;3;188700
2026-03;15;5;139500
2026-03;15;6;146800
2026-03;15;8;162600
2026-03;15;11;180900
2026-03;15;12;195900
2026-03;15;14;224900
2026-03;15;15;155100
2026-03;15;17;171100
2026-03;15;18;180200
2026-03;15;20;811400
2026-03;15;21;839200
2026-03;15;23;973800
2026-03;15;24;1040800
2026-04;1;1;52700
2026-04;1;4;62200
2026-04;1;6;74900
2026-04;1;7;81500
2026-04;1;9;60900
2026-04;1;10;64900
2026-04;1;12;72900
2026-04;1;13;76500
2026-04;1;15;87900
2026-04;1;16;95400
2026-04;1;18;72000
2026-04;1;19;321000
2026-04;1;21;362000
2026-04;1;24;412800
2026-04;1;25;450600
2026-04;2;3;61300
2026-04;2;5;69100
2026-04;2;6;72500
2026-04;2;8;83700
2026-04;2;9;90900
2026-04;2;11;68800
2026-04;2;12;73100
2026-04;2;14;82700
2026-04;2;15;86600
2026-04;2;17;94700
2026-04;2;18;103400
2026-04;2;20;595800
2026-04;2;23;488500
2026-04;2;24;514300
2026-04;3;2;86600
2026-04;3;4;65800
2026-04;3;5;70100
2026-04;3;7;79400
2026-04;3;8;83300
2026-04;3;10;91200
2026-04;3;11;99800
2026-04;3;13;116800
2026-04;3;14;81300
2026-04;3;16;91300
2026-04;3;17;97000
2026-04;3;19;443700
2026-04;3;22;544800
2026-04;3;23;586400
2026-04;3;25;430100
2026-04;4;1;79900
2026-04;4;3;87800
2026-04;4;4;96100
2026-04;4;6;112900
2026-04;4;7;78600
2026-04;4;9;88400
2026-04;4;10;94100
2026-04;4;12;102700
2026-04;4;13;107200
2026-04;4;15;126500
2026-04;4;16;136200
2026-04;4;18;100100
2026-04;4;21;490700
2026-04;4;22;511000
2026-04;4;24;578600
2026-04;4;25;624000
2026-04;5;2;85400
2026-04;5;3;90900
2026-04;5;5;99500
2026-04;5;6;103900
2026-04;5;8;122800
2026-04;5;9;132400
2026-04;5;11;97500
2026-04;5;12;103000
2026-04;5;14;114000
2026-04;5;15;118800
2026-04;5;17;134700
2026-04;5;20;455400
2026-04;5;21;481100
2026-04;5;23;536900
2026-04;5;24;558700
2026-04;6;1;118400
2026-04;6;2;127900
2026-04;6;4;94300
2026-04;6;5;99800
2026-04;6;7;110600
2026-04;6;8;115500
2026-04;6;10;131000
2026-04;6;11;141600
2026-04;6;13;105700
2026-04;6;14;111700
2026-04;6;16;124800
2026-04;6;19;590600
2026-04;6;20;642200
2026-04;6;22;743000
2026-04;6;23;514200
2026-04;6;25;571300
2026-04;7;1;111100
2026-04;7;3;126400
2026-04;7;4;136700
2026-04;7;6;102200
2026-04;7;7;108100
2026-04;7;9;121000
2026-04;7;10;126100
2026-04;7;12;136600
2026-04;7;13;148600
2026-04;7;15;172100
2026-04;7;18;132600
2026-04;7;19;588800
2026-04;7;21;636100
2026-04;7;22;660400
2026-04;7;24;771800
2026-04;7;25;827700
2026-04;8;2;116100
2026-04;8;3;121100
2026-04;8;5;131400
2026-04;8;6;143000
2026-04;8;8;165900
2026-04;8;9;115000
2026-04;8;11;128100
2026-04;8;12;135500
2026-04;8;14;146600
2026-04;8;17;178100
2026-04;8;18;191100
2026-04;8;20;585100
2026-04;8;21;615800
2026-04;8;23;675400
2026-04;8;24;700900
2026-04;9;1;158400
2026-04;9;2;109800
2026-04;9;4;122500
2026-04;9;5;129700
2026-04;9;7;140400
2026-04;9;8;145900
2026-04;9;10;170900
2026-04;9;11;183500
2026-04;9;13;133900
2026-04;9;16;154800
2026-04;9;17;160800
2026-04;9;19;760100
2026-04;9;20;817600
2026-04;9;22;605400
2026-04;9;23;637500
2026-04;9;25;707100
2026-04;10;1;138500
2026-04;10;3;162400
2026-04;10;4;174500
2026-04;10;6;127400
2026-04;10;7;134300
2026-04;10;9;147700
2026-04;10;10;153400
2026-04;10;12;172800
2026-04;10;15;137900
2026-04;10;16;145300
2026-04;10;18;161200
2026-04;10;19;702900
2026-04;10;21;755600
2026-04;10;22;819200
2026-04;10;24;942500
2026-04;10;25;650500
2026-04;11;2;139500
2026-04;11;3;145000
2026-04;11;5;163600
2026-04;11;6;176100
2026-04;11;8;130600
2026-04;11;9;137700
2026-04;11;11;153100
2026-04;11;14;171000
2026-04;11;15;185500
2026-04;11;17;213600
2026-04;11;18;147400
2026-04;11;20;684900
2026-04;11;21;722300
2026-04;11;23;776200
2026-04;11;24;803800
2026-04;12;1;122900
2026-04;12;2;129600
2026-04;12;4;144100
2026-04;12;5;149800
2026-04;12;7;161300
2026-04;12;8;175100
2026-04;12;10;201700
2026-04;12;13;154200
2026-04;12;14;162800
2026-04;12;16;175000
2026-04;12;17;181300
2026-04;12;19;886200
2026-04;12;20;948400
2026-04;12;22;688100
2026-04;12;23;722400
2026-04;12;25;788900
2026-04;13;1;164300
2026-04;13;3;189500
2026-04;13;4;131000
2026-04;13;6;145100
2026-04;13;7;153200
2026-04;13;9;164800
2026-04;13;12;199000
2026-04;13;13;213100
2026-04;13;15;154700
2026-04;13;16;162500
2026-04;13;18;177500
2026-04;13;19;772200
2026-04;13;21;865400
2026-04;13;22;928900
2026-04;13;24;684700
2026-04;13;25;719600
2026-04;14;2;154800
2026-04;14;3;160500
2026-04;14;5;187200
2026-04;14;6;200500
2026-04;14;8;145600
2026-04;14;11;167400
2026-04;14;12;173400
2026-04;14;14;194400
2026-04;14;15;208700
2026-04;14;17;154000
2026-04;14;18;161900
2026-04;14;20;751700
2026-04;14;21;778600
2026-04;14;23;833600
2026-04;14;24;902000
2026-04;15;1;137200
2026-04;15;2;144200
2026-04;15;4;157800
2026-04;15;5;163600
2026-04;15;7;183600
2026-04;15;10;145500
2026-04;15;11;153000
2026-04;15;13;169300
2026-04;15;14;175400
2026-04;15;16;187900
2026-04;15;17;203400
2026-04;15;19;979700
2026-04;15;20;675100
2026-04;15;22;743800
2026-04;15;23;783100
2026-04;15;25;838500
2026-05;1;3;52500
2026-05;1;5;60100
2026-05;1;6;64400
2026-05;1;8;71300
2026-05;1;9;74900
2026-05;1;11;89500
2026-05;1;12;97000
2026-05;1;14;72000
2026-05;1;15;76500
2026-05;1;17;85400
2026-05;1;18;89400
2026-05;1;20;512600
2026-05;1;23;437200
2026-05;1;24;459600
2026-05;2;2;71000
2026-05;2;4;85200
2026-05;2;5;92500
2026-05;2;7;68900
2026-05;2;8;73300
2026-05;2;10;82000
2026-05;2;11;85900
2026-05;2;13;98300
2026-05;2;14;106700
2026-05;2;16;80200
2026-05;2;17;85100
2026-05;2;19;402100
2026-05;2;22;457000
2026-05;2;23;498300
2026-05;2;25;579700
2026-05;3;1;70000
2026-05;3;3;78600
2026-05;3;4;82400
2026-05;3;6;94600
2026-05;3;7;102800
2026-05;3;9;77500
2026-05;3;10;82300
2026-05;3;12;92800
2026-05;3;13;97000
2026-05;3;15;105900
2026-05;3;16;115500
2026-05;3;18;134600
2026-05;3;21;439100
2026-05;3;22;465500
2026-05;3;24;505400
2026-05;3;25;525900
2026-05;4;2;74500
2026-05;4;3;79200
2026-05;4;5;89500
2026-05;4;6;93700
2026-05;4;8;102400
2026-05;4;9;112000
2026-05;4;11;130800
2026-05;4;12;90900
2026-05;4;14;101800
2026-05;4;15;108100
2026-05;4;17;117500
2026-05;4;20;604300
2026-05;4;21;649900
2026-05;4;23;476000
2026-05;4;24;502000
2026-05;5;1;98500
2026-05;5;2;107700
2026-05;5;4;126100
2026-05;5;5;87700
2026-05;5;7;98500
2026-05;5;8;104700
2026-05;5;10;114000
2026-05;5;11;118800
2026-05;5;13;139900
2026-05;5;14;150700
2026-05;5;16;110500
2026-05;5;19;540400
2026-05;5;20;562300
2026-05;5;22;635700
2026-05;5;23;685200
2026-05;5;25;509300
2026-05;6;1;100500
2026-05;6;3;109700
2026-05;6;4;114400
2026-05;6;6;135100
2026-05;6;7;145400
2026-05;6;9;106900
2026-05;6;10;112900
2026-05;6;12;124700
2026-05;6;13;129800
2026-05;6;15;147100
2026-05;6;18;118000
2026-05;6;19;523200
2026-05;6;21;583200
2026-05;6;22;606500
2026-05;6;24;654300
2026-05;6;25;710500
2026-05;7;2;102300
2026-05;7;3;108200
2026-05;7;5;119700
2026-05;7;6;124700
2026-05;7;8;141500
2026-05;7;9;152700
2026-05;7;11;113800
2026-05;7;12;120200
2026-05;7;14;134200
2026-05;7;17;150800
2026-05;7;18;163900
2026-05;7;20;795100
2026-05;7;21;549900
2026-05;7;23;610300
2026-05;7;24;644700
2026-05;8;1;134700
2026-05;8;2;145500
2026-05;8;4;108600
2026-05;8;5;114800
2026-05;8;7;128200
2026-05;8;8;133500
2026-05;8;10;144400
2026-05;8;11;157000
2026-05;8;13;181700
2026-05;8;16;139700
2026-05;8;17;147600
2026-05;8;19;669200
2026-05;8;20;694400
2026-05;8;22;810600
2026-05;8;23;868900
2026-05;8;25;632200
2026-05;9;1;126600
2026-05;9;3;137000
2026-05;9;4;149100
2026-05;9;6;172700
2026-05;9;7;119600
2026-05;9;9;133000
2026-05;9;10;140700
2026-05;9;12;152000
2026-05;9;15;184300
2026-05;9;16;197700
2026-05;9;18;144000
2026-05;9;19;636000
2026-05;9;21;697100
2026-05;9;22;723100
2026-05;9;24;812600
2026-05;9;25;873300
2026-05;10;2;125500
2026-05;10;3;132800
2026-05;10;5;143600
2026-05;10;6;149100
2026-05;10;8;174500
2026-05;10;9;187200
2026-05;10;11;136500
2026-05;10;14;157600
2026-05;10;15;163500
2026-05;10;17;183900
2026-05;10;18;197800
2026-05;10;20;614300
2026-05;10;21;646600
2026-05;10;23;716700
2026-05;10;24;743400
2026-05;11;1;163900
2026-05;11;2;176000
2026-05;11;4;128400
2026-05;11;5;135200
2026-05;11;7;148500
2026-05;11;8;154100
2026-05;11;10;173500
2026-05;11;13;138200
2026-05;11;14;145500
2026-05;11;16;161400
2026-05;11;17;167500
2026-05;11;19;755500
2026-05;11;20;818700
2026-05;11;22;941300
2026-05;11;23;649400
2026-05;11;25;717200
2026-05;12;1;144500
2026-05;12;3;162800
2026-05;12;4;175300
2026-05;12;6;129900
2026-05;12;7;136800
2026-05;12;9;151900
2026-05;12;12;169500
2026-05;12;13;183700
2026-05;12;15;211400
2026-05;12;16;145900
2026-05;12;18;161300
2026-05;12;19;713800
2026-05;12;21;766600
2026-05;12;22;793600
2026-05;12;24;922400
2026-05;12;25;986500
2026-05;13;2;142500
2026-05;13;3;148000
2026-05;13;5;159300
2026-05;13;6;172700
2026-05;13;8;198800
2026-05;13;11;151900
2026-05;13;12;160100
2026-05;13;14;172100
2026-05;13;15;178200
2026-05;13;17;207200
2026-05;13;18;221800
2026-05;13;20;675100
2026-05;13;21;708600
2026-05;13;23;773200
2026-05;13;24;800500
2026-05;14;1;187100
2026-05;14;2;129300
2026-05;14;4;143000
2026-05;14;5;150900
2026-05;14;7;162300
2026-05;14;10;195600
2026-05;14;11;209400
2026-05;14;13;151900
2026-05;14;14;159500
2026-05;14;16;174100
2026-05;14;17;180300
2026-05;14;19;848300
2026-05;14;20;910200
2026-05;14;22;670500
2026-05;14;23;704500
2026-05;14;25;777900
2026-05;15;1;159200
2026-05;15;3;185400
2026-05;15;4;198500
2026-05;15;6;144100
2026-05;15;9;165400
2026-05;15;10;171300
2026-05;15;12;192000
2026-05;15;13;206000
2026-05;15;15;151900
2026-05;15;16;159600
2026-05;15;18;176300
2026-05;15;19;766800
2026-05;15;21;820500
2026-05;15;22;887600
2026-05;15;24;1016900
2026-05;15;25;700400
2026-06;1;2;62800
2026-06;1;4;69700
2026-06;1;5;76700
2026-06;1;7;90800
2026-06;1;8;63600
2026-06;1;10;72100
2026-06;1;11;76900
2026-06;1;13;84700
2026-06;1;14;88600
2026-06;1;16;105200
2026-06;1;17;113700
2026-06;1;19;352600
2026-06;1;22;414700
2026-06;1;23;432900
2026-06;1;25;492400
2026-06;2;1;60400
2026-06;2;3;68700
2026-06;2;4;73500
2026-06;2;6;81100
2026-06;2;7;85100
2026-06;2;9;101300
2026-06;2;10;109500
2026-06;2;12;81200
2026-06;2;13;86000
2026-06;2;15;95700
2026-06;2;16;100100
2026-06;2;18;114000
2026-06;2;21;387900
2026-06;2;22;410600
2026-06;2;24;460200
2026-06;2;25;479800
2026-06;3;2;97000
2026-06;3;3;105100
2026-06;3;5;78000
2026-06;3;6;82900
2026-06;3;8;92400
2026-06;3;9;96700
2026-06;3;11;110400
2026-06;3;12;119600
2026-06;3;14;89700
2026-06;3;15;95000
2026-06;3;17;106700
2026-06;3;20;508100
2026-06;3;21;553500
2026-06;3;23;642900
2026-06;3;24;445700
2026-06;4;1;88600
2026-06;4;2;92700
2026-06;4;4;106200
2026-06;4;5;115200
2026-06;4;7;86600
2026-06;4;8;91800
2026-06;4;10;103300
2026-06;4;11;108000
2026-06;4;13;117500
2026-06;4;14;128000
2026-06;4;16;148900
2026-06;4;19;484500
2026-06;4;20;513300
2026-06;4;22;556400
2026-06;4;23;578600
2026-06;4;25;678400
2026-06;5;1;87900
2026-06;5;3;99100
2026-06;5;4;103700
2026-06;5;6;113000
2026-06;5;7;123300
2026-06;5;9;143800
2026-06;5;10;99800
2026-06;5;12;111600
2026-06;5;13;118300
2026-06;5;15;128400
2026-06;5;18;157000
2026-06;5;19;708200
2026-06;5;21;517900
2026-06;5;22;545900
2026-06;5;24;600700
2026-06;5;25;624200
2026-06;6;2;137200
2026-06;6;3;95400
2026-06;6;5;106900
2026-06;6;6;113400
2026-06;6;8;123300
2026-06;6;9;128400
2026-06;6;11;151000
2026-06;6;12;162400
2026-06;6;14;118900
2026-06;6;17;138200
2026-06;6;18;143700
2026-06;6;20;681400
2026-06;6;21;734000
2026-06;6;23;544800
2026-06;6;24;574500
2026-06;7;1;117200
2026-06;7;2;122200
2026-06;7;4;143900
2026-06;7;5;154900
2026-06;7;7;113600
2026-06;7;8;119900
2026-06;7;10;132100
2026-06;7;11;137500
2026-06;7;13;155500
2026-06;7;16;124500
2026-06;7;17;131400
2026-06;7;19;614400
2026-06;7;20;638600
2026-06;7;22;688200
2026-06;7;23;746900
2026-06;7;25;861500
2026-06;8;1;113300
2026-06;8;3;125200
2026-06;8;4;130400
2026-06;8;6;147500
2026-06;8;7;159100
2026-06;8;9;118400
2026-06;8;10;125000
2026-06;8;12;139300
2026-06;8;15;156300
2026-06;8;16;169700
2026-06;8;18;195900
2026-06;8;19;568900
2026-06;8;21;630600
2026-06;8;22;665800
2026-06;8;24;717200
2026-06;8;25;743400
2026-06;9;2;111500
2026-06;9;3;117800
2026-06;9;5;131400
2026-06;9;6;136800
2026-06;9;8;147800
2026-06;9;9;160500
2026-06;9;11;185500
2026-06;9;14;142400
2026-06;9;15;150400
2026-06;9;17;162100
2026-06;9;18;168100
2026-06;9;20;823600
2026-06;9;21;882400
2026-06;9;23;641400
2026-06;9;24;674200
2026-06;10;1;138600
2026-06;10;2;150600
2026-06;10;4;174300
2026-06;10;5;120600
2026-06;10;7;133900
2026-06;10;8;141600
2026-06;10;10;152800
2026-06;10;13;185000
2026-06;10;14;198300
2026-06;10;16;144300
2026-06;10;17;151800
2026-06;10;19;697800
2026-06;10;20;723500
2026-06;10;22;812400
2026-06;10;23;872700
2026-06;10;25;644600
2026-06;11;1;132500
2026-06;11;3;143200
2026-06;11;4;148600
2026-06;11;6;173700
2026-06;11;7;186200
2026-06;11;9;135600
2026-06;11;12;156300
2026-06;11;13;162200
2026-06;11;15;182200
2026-06;11;16;195900
2026-06;11;18;144700
2026-06;11;19;639700
2026-06;11;21;708500
2026-06;11;22;734600
2026-06;11;24;787800
2026-06;11;25;853100
2026-06;12;2;127100
2026-06;12;3;133700
2026-06;12;5;146800
2026-06;12;6;152300
2026-06;12;8;171200
2026-06;12;11;136200
2026-06;12;12;143400
2026-06;12;14;158900
2026-06;12;15;164800
2026-06;12;17;176800
2026-06;12;18;191600
2026-06;12;20;924500
2026-06;12;21;637500
2026-06;12;23;703500
2026-06;12;24;741300
2026-06;13;1;160900
2026-06;13;2;173100
2026-06;13;4;128100
2026-06;13;5;135000
2026-06;13;7;149700
2026-06;13;10;166800
2026-06;13;11;180800
2026-06;13;13;207800
2026-06;13;14;143400
2026-06;13;16;158400
2026-06;13;17;166800
2026-06;13;19;752100
2026-06;13;20;778300
2026-06;13;22;904000
2026-06;13;23;966500
2026-06;13;25;699800
2026-06;14;1;146900
2026-06;14;3;157900
2026-06;14;4;171100
2026-06;14;6;196900
2026-06;14;9;150200
2026-06;14;10;158300
2026-06;14;12;170000
2026-06;14;13;176000
2026-06;14;15;204600
2026-06;14;16;218700
2026-06;14;18;158500
2026-06;14;19;698400
2026-06;14;21;761800
2026-06;14;22;788300
2026-06;14;24;881900
2026-06;14;25;945700
2026-06;15;2;143300
2026-06;15;3;151100
2026-06;15;5;162400
2026-06;15;8;195500
2026-06;15;9;209200
2026-06;15;11;151700
2026-06;15;12;159200
2026-06;15;14;173700
2026-06;15;15;179800
2026-06;15;17;201300
2026-06;15;18;215900
2026-06;15;20;667700
2026-06;15;21;701300
2026-06;15;23;774000
2026-06;15;24;801100
2026-07;1;1;77600
2026-07;1;3;59300
2026-07;1;4;63400
2026-07;1;6;72300
2026-07;1;7;76000
2026-07;1;9;83700
2026-07;1;10;91700
2026-07;1;12;107900
2026-07;1;13;75300
2026-07;1;15;84800
2026-07;1;16;90300
2026-07;1;18;98700
2026-07;1;21;511600
2026-07;1;22;551500
2026-07;1;24;405700
2026-07;1;25;428800
2026-07;2;2;79700
2026-07;2;3;87600
2026-07;2;5;103300
2026-07;2;6;72200
2026-07;2;8;81700
2026-07;2;9;87000
2026-07;2;11;95400
2026-07;2;12;99700
2026-07;2;14;118000
2026-07;2;15;127400
2026-07;2;17;93900
2026-07;2;20;462300
2026-07;2;21;482100
2026-07;2;23;547200
2026-07;2;24;591000
2026-07;3;1;77800
2026-07;3;2;83100
2026-07;3;4;91400
2026-07;3;5;95600
2026-07;3;7;113500
2026-07;3;8;122700
2026-07;3;10;90700
2026-07;3;11;96000
2026-07;3;13;106600
2026-07;3;14;111200
2026-07;3;16;126400
2026-07;3;19;429100
2026-07;3;20;453900
2026-07;3;22;507700
2026-07;3;23;528900
2026-07;3;25;572700
2026-07;4;1;117100
2026-07;4;3;86600
2026-07;4;4;91900
2026-07;4;6;102300
2026-07;4;7;106800
2026-07;4;9;121700
2026-07;4;10;131700
2026-07;4;12;98600
2026-07;4;13;104400
2026-07;4;15;117000
2026-07;4;18;132200
2026-07;4;19;604500
2026-07;4;21;700900
2026-07;4;22;485600
2026-07;4;24;540500
2026-07;4;25;571800
2026-07;5;2;115900
2026-07;5;3;125500
2026-07;5;5;94200
2026-07;5;6;99800
2026-07;5;8;112000
2026-07;5;9;116900
2026-07;5;11;127000
2026-07;5;12;138300
2026-07;5;14;160700
2026-07;5;17;124200
2026-07;5;18;131400
2026-07;5;20;597400
2026-07;5;21;620800
2026-07;5;23;727000
2026-07;5;24;780300
2026-07;6;1;106200
2026-07;6;2;110900
2026-07;6;4;120700
2026-07;6;5;131600
2026-07;6;7;153100
2026-07;6;8;106200
2026-07;6;10;118500
2026-07;6;11;125500
2026-07;6;13;136100
2026-07;6;16;165900
2026-07;6;17;178200
2026-07;6;19;546600
2026-07;6;20;575800
2026-07;6;22;632700
2026-07;6;23;657200
2026-07;6;25;740400
2026-07;7;1;100200
2026-07;7;3;112000
2026-07;7;4;118700
2026-07;7;6;128900
2026-07;7;7;134200
2026-07;7;9;157400
2026-07;7;10;169200
2026-07;7;12;123800
2026-07;7;15;143500
2026-07;7;16;149100
2026-07;7;18;168200
2026-07;7;19;760400
2026-07;7;21;563800
2026-07;7;22;594200
2026-07;7;24;660200
2026-07;7;25;685500
2026-07;8;2;148000
2026-07;8;3;159100
2026-07;8;5;116500
2026-07;8;6;122900
2026-07;8;8;135400
2026-07;8;9;140800
2026-07;8;11;159000
2026-07;8;14;127100
2026-07;8;15;134100
2026-07;8;17;149100
2026-07;8;18;154800
2026-07;8;20;700200
2026-07;8;21;759600
2026-07;8;23;875200
2026-07;8;24;604400
2026-07;9;1;126800
2026-07;9;2;131900
2026-07;9;4;149100
2026-07;9;5;160800
2026-07;9;7;119500
2026-07;9;8;126000
2026-07;9;10;140300
2026-07;9;13;157100
2026-07;9;14;170600
2026-07;9;16;196700
2026-07;9;17;135900
2026-07;9;19;632000
2026-07;9;20;667000
2026-07;9;22;717800
2026-07;9;23;743700
2026-07;9;25;866100
2026-07;10;1;117800
2026-07;10;3;131200
2026-07;10;4;136500
2026-07;10;6;147200
2026-07;10;7;159900
2026-07;10;9;184600
2026-07;10;12;141500
2026-07;10;13;149400
2026-07;10;15;160900
2026-07;10;16;166800
2026-07;10;18;194300
2026-07;10;19;873900
2026-07;10;21;634800
2026-07;10;22;666900
2026-07;10;24;729100
2026-07;10;25;755400
2026-07;11;2;172700
2026-07;11;3;119500
2026-07;11;5;132600
2026-07;11;6;140100
2026-07;11;8;151000
2026-07;11;11;182700
2026-07;11;12;195700
2026-07;11;14;142200
2026-07;11;15;149500
2026-07;11;17;163500
2026-07;11;18;169500
2026-07;11;20;798700
2026-07;11;21;857600
2026-07;11;23;633000
2026-07;11;24;665500
2026-07;12;1;141700
2026-07;12;2;147000
2026-07;12;4;171600
2026-07;12;5;184000
2026-07;12;7;133800
2026-07;12;10;154100
2026-07;12;11;159700
2026-07;12;13;179400
2026-07;12;14;192700
2026-07;12;16;142300
2026-07;12;17;149600
2026-07;12;19;695800
2026-07;12;20;721100
2026-07;12;22;772900
2026-07;12;23;836600
2026-07;12;25;960000
2026-07;13;1;132900
2026-07;13;3;145700
2026-07;13;4;151100
2026-07;13;6;169800
2026-07;13;9;134800
2026-07;13;10;141900
2026-07;13;12;157100
2026-07;13;13;162900
2026-07;13;15;174700
2026-07;13;16;189200
2026-07;13;18;217200
2026-07;13;19;628900
2026-07;13;21;693700
2026-07;13;22;730600
2026-07;13;24;783100
2026-07;13;25;809900
2026-07;14;2;128600
2026-07;14;3;135300
2026-07;14;5;150000
2026-07;14;8;166900
2026-07;14;9;180800
2026-07;14;11;207600
2026-07;14;12;143300
2026-07;14;14;158100
2026-07;14;15;166500
2026-07;14;17;178600
2026-07;14;18;184800
2026-07;14;20;900800
2026-07;14;21;962900
2026-07;14;23;696800
2026-07;14;24;730700
2026-07;15;1;160700
2026-07;15;2;174200
2026-07;15;4;200200
2026-07;15;7;152500
2026-07;15;8;160700
2026-07;15;10;172500
2026-07;15;11;178500
2026-07;15;13;207300
2026-07;15;14;221600
2026-07;15;16;160500
2026-07;15;17;168300
2026-07;15;19;770600
2026-07;15;20;797300
2026-07;15;22;891500
2026-07;15;23;955700
2026-07;15;25;703000
2026-08;1;2;70800
2026-08;1;3;74600
2026-08;1;5;86100
2026-08;1;6;93800
2026-08;1;8;71000
2026-08;1;9;75600
2026-08;1;11;85700
2026-08;1;12;89700
2026-08;1;14;98200
2026-08;1;15;107400
2026-08;1;17;125600
2026-08;1;20;412000
2026-08;1;21;437500
2026-08;1;23;476300
2026-08;1;24;496400
2026-08;2;1;67500
2026-08;2;2;72000
2026-08;2;4;81800
2026-08;2;5;85900
2026-08;2;7;94300
2026-08;2;8;103200
2026-08;2;10;121000
2026-08;2;11;84200
2026-08;2;13;94700
2026-08;2;14;100700
2026-08;2;16;109900
2026-08;2;19;567400
2026-08;2;20;611100
2026-08;2;22;448700
2026-08;2;23;473800
2026-08;2;25;523200
2026-08;3;1;98000
2026-08;3;3;115300
2026-08;3;4;80400
2026-08;3;6;90600
2026-08;3;7;96400
2026-08;3;9;105500
2026-08;3;10;110000
2026-08;3;12;130100
2026-08;3;13;140200
2026-08;3;15;103100
2026-08;3;18;120600
2026-08;3;19;527500
2026-08;3;21;597900
2026-08;3;22;645100
2026-08;3;24;480500
2026-08;3;25;507500
2026-08;4;2;100200
2026-08;4;3;104600
2026-08;4;5;123900
2026-08;4;6;133700
2026-08;4;8;98500
2026-08;4;9;104300
2026-08;4;11;115500
2026-08;4;12;120500
2026-08;4;14;136800
2026-08;4;17;110200
2026-08;4;18;116400
2026-08;4;20;546200
2026-08;4;21;568600
2026-08;4;23;614700
2026-08;4;24;668200
2026-08;5;1;93200
2026-08;5;2;98700
2026-08;5;4;109500
2026-08;5;5;114300
2026-08;5;7;130000
2026-08;5;8;140500
2026-08;5;10;105000
2026-08;5;11;111000
2026-08;5;13;124200
2026-08;5;16;140000
2026-08;5;17;152300
2026-08;5;19;741000
2026-08;5;20;513000
2026-08;5;22;570300
2026-08;5;23;603000
2026-08;5;25;651200
2026-08;6;1;132200
2026-08;6;3;99000
2026-08;6;4;104800
2026-08;6;6;117400
2026-08;6;7;122400
2026-08;6;9;132700
2026-08;6;10;144400
2026-08;6;12;167500
2026-08;6;15;129200
2026-08;6;16;136600
2026-08;6;18;147700
2026-08;6;19;644200
2026-08;6;21;753400
2026-08;6;22;808200
2026-08;6;24;589000
2026-08;6;25;619800
2026-08;7;2;124500
2026-08;7;3;135600
2026-08;7;5;157500
2026-08;7;6;109100
2026-08;7;8;121600
2026-08;7;9;128800
2026-08;7;11;139400
2026-08;7;14;169600
2026-08;7;15;182100
2026-08;7;17;132800
2026-08;7;18;139800
2026-08;7;20;644600
2026-08;7;21;669100
2026-08;7;23;753100
2026-08;7;24;809900
2026-08;8;1;113700
2026-08;8;2;120500
2026-08;8;4;130600
2026-08;8;5;135700
2026-08;8;7;159100
2026-08;8;8;170900
2026-08;8;10;124900
2026-08;8;13;144500
2026-08;8;14;150000
2026-08;8;16;169000
2026-08;8;17;181800
2026-08;8;19;565800
2026-08;8;20;596100
2026-08;8;22;661500
2026-08;8;23;686600
2026-08;8;25;737900
2026-08;9;1;159500
2026-08;9;3;116600
2026-08;9;4;122900
2026-08;9;6;135200
2026-08;9;7;140500
2026-08;9;9;158500
2026-08;9;12;126500
2026-08;9;13;133300
2026-08;9;15;148100
2026-08;9;16;153700
2026-08;9;18;165300
2026-08;9;19;753200
2026-08;9;21;867000
2026-08;9;22;598500
2026-08;9;24;661800
2026-08;9;25;697800
2026-08;10;2;148100
2026-08;10;3;159500
2026-08;10;5;118400
2026-08;10;6;124900
2026-08;10;8;138800
2026-08;10;11;155200
2026-08;10;12;168400
2026-08;10;14;194000
2026-08;10;15;134000
2026-08;10;17;148200
2026-08;10;18;156400
2026-08;10;20;706400
2026-08;10;21;731600
2026-08;10;23;851300
2026-08;10;24;911000
2026-08;11;1;130100
2026-08;11;2;135200
2026-08;11;4;145800
2026-08;11;5;158100
2026-08;11;7;182400
2026-08;11;10;139600
2026-08;11;11;147200
2026-08;11;13;158500
2026-08;11;14;164200
2026-08;11;16;191200
2026-08;11;17;204800
2026-08;11;19;624000
2026-08;11;20;655300
2026-08;11;22;715900
2026-08;11;23;741400
2026-08;11;25;830800
2026-08;12;1;118900
2026-08;12;3;131800
2026-08;12;4;139100
2026-08;12;6;149800
2026-08;12;9;181000
2026-08;12;10;193800
2026-08;12;12;140800
2026-08;12;13;147900
2026-08;12;15;161700
2026-08;12;16;167500
2026-08;12;18;187800
2026-08;12;19;846800
2026-08;12;21;624500
2026-08;12;22;656500
2026-08;12;24;725600
2026-08;12;25;751500
2026-08;13;2;172300
2026-08;13;3;184600
2026-08;13;5;134300
2026-08;13;8;154300
2026-08;13;9;159900
2026-08;13;11;179400
2026-08;13;12;192700
2026-08;13;14;142200
2026-08;13;15;149600
2026-08;13;17;165400
2026-08;13;18;171300
2026-08;13;20;770800
2026-08;13;21;834200
2026-08;13;23;956500
2026-08;13;24;659000
2026-08;14;1;148500
2026-08;14;2;153900
2026-08;14;4;172800
2026-08;14;7;137100
2026-08;14;8;144200
2026-08;14;10;159600
2026-08;14;11;165400
2026-08;14;13;177200
2026-08;14;14;191900
2026-08;14;16;220100
2026-08;14;17;151700
2026-08;14;19;702300
2026-08;14;20;739500
2026-08;14;22;792200
2026-08;14;23;819100
2026-08;14;25;949700
2026-08;15;1;140200
2026-08;15;3;155300
2026-08;15;6;172600
2026-08;15;7;186900
2026-08;15;9;214600
2026-08;15;10;148000
2026-08;15;12;163200
2026-08;15;13;171900
2026-08;15;15;184200
2026-08;15;16;190500
2026-08;15;18;221000
2026-08;15;19;1165200
2026-08;15;21;893800
2026-08;15;22;930100
2026-08;15;24;1000200
2026-08;15;25;1029700
2026-09;1;1;87100
2026-09;1;2;94800
2026-09;1;4;70700
2026-09;1;5;75300
2026-09;1;7;84500
2026-09;1;8;88500
2026-09;1;10;101600
2026-09;1;11;110300
2026-09;1;13;83100
2026-09;1;14;88200
2026-09;1;16;99300
2026-09;1;19;475200
2026-09;1;20;518400
2026-09;1;22;603800
2026-09;1;23;419200
2026-09;1;25;468400
2026-09;2;1;83800
2026-09;2;3;96400
2026-09;2;4;104800
2026-09;2;6;79200
2026-09;2;7;84200
2026-09;2;9;95100
2026-09;2;10;99500
2026-09;2;12;108600
2026-09;2;13;118600
2026-09;2;15;138500
2026-09;2;18;107700
2026-09;2;19;479900
2026-09;2;21;521600
2026-09;2;22;543100
2026-09;2;24;638200
2026-09;2;25;686200
2026-09;3;2;90000
2026-09;3;3;94300
2026-09;3;5;103100
2026-09;3;6;112800
2026-09;3;8;131900
2026-09;3;9;91800
2026-09;3;11;103000
2026-09;3;12;109300
2026-09;3;14;119000
2026-09;3;17;146000
2026-09;3;18;157100
2026-09;3;20;483700
2026-09;3;21;510400
2026-09;3;23;562800
2026-09;3;24;585500
2026-09;4;1;124400
2026-09;4;2;86600
2026-09;4;4;97400
2026-09;4;5;103500
2026-09;4;7;112900
2026-09;4;8;117800
2026-09;4;10;138900
2026-09;4;11;149600
2026-09;4;13;109700
2026-09;4;16;128000
2026-09;4;17;133200
2026-09;4;19;633200
2026-09;4;20;682800
2026-09;4;22;507900
2026-09;4;23;536100
2026-09;4;25;597200
2026-09;5;1;110600
2026-09;5;3;130500
2026-09;5;4;140700
2026-09;5;6;103600
2026-09;5;7;109400
2026-09;5;9;121000
2026-09;5;10;126100
2026-09;5;12;142900
2026-09;5;15;114800
2026-09;5;16;121300
2026-09;5;18;135200
2026-09;5;19;591000
2026-09;5;21;638100
2026-09;5;22;693200
2026-09;5;24;800900
2026-09;5;25;553800
2026-09;6;2;113200
2026-09;6;3;118100
2026-09;6;5;134100
2026-09;6;6;144700
2026-09;6;8;107900
2026-09;6;9;114100
2026-09;6;11;127500
2026-09;6;14;143500
2026-09;6;15;155900
2026-09;6;17;180300
2026-09;6;18;124800
2026-09;6;20;581900
2026-09;6;21;614900
2026-09;6;23;663300
2026-09;6;24;688000
2026-09;7;1;100700
2026-09;7;2;106500
2026-09;7;4;119100
2026-09;7;5;124100
2026-09;7;7;134400
2026-09;7;8;146200
2026-09;7;10;169200
2026-09;7;13;130200
2026-09;7;14;137600
2026-09;7;16;148700
2026-09;7;17;154300
2026-09;7;19;757100
2026-09;7;20;811800
2026-09;7;22;591000
2026-09;7;23;621500
2026-09;7;25;681000
2026-09;8;1;136100
2026-09;8;3;157900
2026-09;8;4;109300
2026-09;8;6;121600
2026-09;8;7;128700
2026-09;8;9;139100
2026-09;8;12;169000
2026-09;8;13;181300
2026-09;8;15;132100
2026-09;8;16;139000
2026-09;8;18;152400
2026-09;8;19;664300
2026-09;8;21;747000
2026-09;8;22;803000
2026-09;8;24;593700
2026-09;8;25;625000
2026-09;9;2;129800
2026-09;9;3;134900
2026-09;9;5;158000
2026-09;9;6;169600
2026-09;9;8;123700
2026-09;9;11;142900
2026-09;9;12;148400
2026-09;9;14;167000
2026-09;9;15;179600
2026-09;9;17;132900
2026-09;9;18;139900
2026-09;9;20;651700
2026-09;9;21;676100
2026-09;9;23;726100
2026-09;9;24;786700
2026-09;10;1;115800
2026-09;10;2;121900
2026-09;10;4;134000
2026-09;10;5;139100
2026-09;10;7;156800
2026-09;10;10;125000
2026-09;10;11;131700
2026-09;10;13;146100
2026-09;10;14;151600
2026-09;10;16;162900
2026-09;10;17;176600
2026-09;10;19;853100
2026-09;10;20;588700
2026-09;10;22;650400
2026-09;10;23;685600
2026-09;10;25;736100
2026-09;11;1;159000
2026-09;11;3;117800
2026-09;11;4;124200
2026-09;11;6;137900
2026-09;11;9;154000
2026-09;11;10;167100
2026-09;11;12;192300
2026-09;11;13;132800
2026-09;11;15;146800
2026-09;11;16;154800
2026-09;11;18;166300
2026-09;11;19;723100
2026-09;11;21;840700
2026-09;11;22;899400
2026-09;11;24;651900
2026-09;11;25;684200
2026-09;12;2;146500
2026-09;12;3;158900
2026-09;12;5;183100
2026-09;12;8;140000
2026-09;12;9;147600
2026-09;12;11;158700
2026-09;12;12;164400
2026-09;12;14;191200
2026-09;12;15;204600
2026-09;12;17;148500
2026-09;12;18;155900
2026-09;12;20;714600
2026-09;12;21;739900
2026-09;12;23;828500
2026-09;12;24;888800
2026-09;13;1;134500
2026-09;13;2;141900
2026-09;13;4;152700
2026-09;13;7;184200
2026-09;13;8;197200
2026-09;13;10;143100
2026-09;13;11;150300
2026-09;13;13;164200
2026-09;13;14;170000
2026-09;13;16;190500
2026-09;13;17;204400
2026-09;13;19;632900
2026-09;13;20;665000
2026-09;13;22;734600
2026-09;13;23;760700
2026-09;13;25;813800
2026-09;14;1;191500
2026-09;14;3;139200
2026-09;14;6;159800
2026-09;14;7;165500
2026-09;14;9;185600
2026-09;14;10;199200
2026-09;14;12;147000
2026-09;14;13;154500
2026-09;14;15;170700
2026-09;14;16;176800
2026-09;14;18;189200
2026-09;14;19;1029000
2026-09;14;21;1157700
2026-09;14;22;852600
2026-09;14;24;924400
2026-09;14;25;965100
2026-09;15;2;182200
2026-09;15;5;144400
2026-09;15;6;151900
2026-09;15;8;167900
2026-09;15;9;174000
2026-09;15;11;186300
2026-09;15;12;201700
2026-09;15;14;231200
2026-09;15;15;159400
2026-09;15;17;175500
2026-09;15;18;184800
2026-09;15;20;830800
2026-09;15;21;858800
2026-09;15;23;995300
2026-09;15;24;1063100
2026-10;1;1;74500
2026-10;1;3;82400
2026-10;1;4;86500
2026-10;1;6;103200
2026-10;1;7;111800
2026-10;1;9;83000
2026-10;1;10;88000
2026-10;1;12;98100
2026-10;1;13;102600
2026-10;1;15;117000
2026-10;1;18;95000
2026-10;1;19;422700
2026-10;1;21;474200
2026-10;1;22;494700
2026-10;1;24;536900
2026-10;1;25;584800
2026-10;2;2;78200
2026-10;2;3;83100
2026-10;2;5;92900
2026-10;2;6;97200
2026-10;2;8;111200
2026-10;2;9;120500
2026-10;2;11;90600
2026-10;2;12;96000
2026-10;2;14;108000
2026-10;2;17;122600
2026-10;2;18;133600
2026-10;2;20;652400
2026-10;2;21;452500
2026-10;2;23;504900
2026-10;2;24;534800
2026-10;3;1;104500
2026-10;3;2;113400
2026-10;3;4;85400
2026-10;3;5;90700
2026-10;3;7;102100
2026-10;3;8;106800
2026-10;3;10;116300
2026-10;3;11;126900
2026-10;3;13;147700
2026-10;3;16;114600
2026-10;3;17;121400
2026-10;3;19;553700
2026-10;3;20;575900
2026-10;3;22;675800
2026-10;3;23;726100
2026-10;3;25;530800
2026-10;4;1;99900
2026-10;4;3;109100
2026-10;4;4;119100
2026-10;4;6;139000
2026-10;4;7;96600
2026-10;4;9;108200
2026-10;4;10;114700
2026-10;4;12;124600
2026-10;4;15;152400
2026-10;4;16;163900
2026-10;4;18;120000
2026-10;4;19;531500
2026-10;4;21;585200
2026-10;4;22;608400
2026-10;4;24;686700
2026-10;4;25;739500
2026-10;5;2;101000
2026-10;5;3;107200
2026-10;5;5;116700
2026-10;5;6;121600
2026-10;5;8;143200
2026-10;5;9;154000
2026-10;5;11;112900
2026-10;5;14;131300
2026-10;5;15;136600
2026-10;5;17;154300
2026-10;5;18;166400
2026-10;5;20;519000
2026-10;5;21;547500
2026-10;5;23;609300
2026-10;5;24;633100
2026-10;6;1;133200
2026-10;6;2;143400
2026-10;6;4;105300
2026-10;6;5;111200
2026-10;6;7;122800
2026-10;6;8;127800
2026-10;6;10;144600
2026-10;6;13;116000
2026-10;6;14;122400
2026-10;6;16;136400
2026-10;6;17;141800
2026-10;6;19;642200
2026-10;6;20;697300
2026-10;6;22;804600
2026-10;6;23;556100
2026-10;6;25;616300
2026-10;7;1;118800
2026-10;7;3;134600
2026-10;7;4;145300
2026-10;7;6;108200
2026-10;7;7;114300
2026-10;7;9;127500
2026-10;7;12;143200
2026-10;7;13;155600
2026-10;7;15;179700
2026-10;7;16;124200
2026-10;7;18;137800
2026-10;7;19;611300
2026-10;7;21;658700
2026-10;7;22;683000
2026-10;7;24;796500
2026-10;7;25;853100
2026-10;8;2;118700
2026-10;8;3;123600
2026-10;8;5;133700
2026-10;8;6;145300
2026-10;8;8;168000
2026-10;8;11;129000
2026-10;8;12;136400
2026-10;8;14;147100
2026-10;8;15;152600
2026-10;8;17;178000
2026-10;8;18;190800
2026-10;8;20;582900
2026-10;8;21;612800
2026-10;8;23;670800
2026-10;8;24;695400
2026-10;9;1;157000
2026-10;9;2;108700
2026-10;9;4;120800
2026-10;9;5;127700
2026-10;9;7;137900
2026-10;9;10;167200
2026-10;9;11;179300
2026-10;9;13;130500
2026-10;9;14;137300
2026-10;9;16;150300
2026-10;9;17;156000
2026-10;9;19;735800
2026-10;9;20;790600
2026-10;9;22;584200
2026-10;9;23;614600
2026-10;9;25;680600
2026-10;10;1;134700
2026-10;10;3;157400
2026-10;10;4;169000
2026-10;10;6;123100
2026-10;10;9;142000
2026-10;10;10;147400
2026-10;10;12;165600
2026-10;10;13;178100
2026-10;10;15;131700
2026-10;10;16;138600
2026-10;10;18;153600
2026-10;10;19;668900
2026-10;10;21;717800
2026-10;10;22;777400
2026-10;10;24;893000
2026-10;10;25;615800
2026-10;11;2;134900
2026-10;11;3;140000
2026-10;11;5;157600
2026-10;11;8;125500
2026-10;11;9;132100
2026-10;11;11;146500
2026-10;11;12;151900
2026-10;11;14;163100
2026-10;11;15;176700
2026-10;11;17;203100
2026-10;11;18;140200
2026-10;11;20;649900
2026-10;11;21;684700
2026-10;11;23;734700
2026-10;11;24;760200
2026-10;12;1;120400
2026-10;12;2;126800
2026-10;12;4;140700
2026-10;12;7;157000
2026-10;12;8;170100
2026-10;12;10;195700
2026-10;12;11;135000
2026-10;12;13;149200
2026-10;12;14;157200
2026-10;12;16;168800
2026-10;12;17;174700
2026-10;12;19;852800
2026-10;12;20;911900
2026-10;12;22;660500
2026-10;12;23;693000
2026-10;12;25;755700
2026-10;13;1;165100
2026-10;13;3;190000
2026-10;13;6;145100
2026-10;13;7;153000
2026-10;13;9;164300
2026-10;13;10;170100
2026-10;13;12;197800
2026-10;13;13;211600
2026-10;13;15;153400
2026-10;13;16;161000
2026-10;13;18;175600
2026-10;13;19;928000
2026-10;13;21;1022200
2026-10;13;22;1085700
2026-10;13;24;847200
2026-10;13;25;882500
2026-10;14;2;161200
2026-10;14;5;194200
2026-10;14;6;207900
2026-10;14;8;150700
2026-10;14;9;158300
2026-10;14;11;172700
2026-10;14;12;178900
2026-10;14;14;200300
2026-10;14;15;214900
2026-10;14;17;158200
2026-10;14;18;166300
2026-10;14;20;771100
2026-10;14;21;798100
2026-10;14;23;853500
2026-10;14;24;922900
2026-10;15;1;149100
2026-10;15;4;171000
2026-10;15;5;177200
2026-10;15;7;198500
2026-10;15;8;213000
2026-10;15;10;157000
2026-10;15;11;164900
2026-10;15;13;182200
2026-10;15;14;188700
2026-10;15;16;201800
2026-10;15;17;218300
2026-10;15;19;1050200
2026-10;15;20;723200
2026-10;15;22;795900
2026-10;15;23;837300
2026-10;15;25;895700
2026-11;1;2;103300
2026-11;1;3;72200
2026-11;1;5;81800
2026-11;1;6;87300
2026-11;1;8;95800
2026-11;1;9;100200
2026-11;1;11;118900
2026-11;1;12;128400
2026-11;1;14;94800
2026-11;1;17;111300
2026-11;1;18;116200
2026-11;1;20;554500
2026-11;1;21;599200
2026-11;1;23;447500
2026-11;1;24;473200
2026-11;2;1;89700
2026-11;2;2;93900
2026-11;2;4;111700
2026-11;2;5;120800
2026-11;2;7;89400
2026-11;2;8;94800
2026-11;2;10;105400
2026-11;2;11;110100
2026-11;2;13;125300
2026-11;2;16;101300
2026-11;2;17;107200
2026-11;2;19;504500
2026-11;2;20;525900
2026-11;2;22;569800
2026-11;2;23;620000
2026-11;2;25;718700
2026-11;3;1;88400
2026-11;3;3;98500
2026-11;3;4;103000
2026-11;3;6;117600
2026-11;3;7;127200
2026-11;3;9;95400
2026-11;3;10;101000
2026-11;3;12;113300
2026-11;3;15;128300
2026-11;3;16;139800
2026-11;3;18;162200
2026-11;3;19;472100
2026-11;3;21;526000
2026-11;3;22;556800
2026-11;3;24;602400
2026-11;3;25;625900
2026-11;4;2;88800
2026-11;4;3;94200
2026-11;4;5;105800
2026-11;4;6;110500
2026-11;4;8;120200
2026-11;4;9;130900
2026-11;4;11;152300
2026-11;4;14;117800
2026-11;4;15;124800
2026-11;4;17;135300
2026-11;4;18;140600
2026-11;4;20;691700
2026-11;4;21;742800
2026-11;4;23;542300
2026-11;4;24;571100
2026-11;5;1;111600
2026-11;5;2;121700
2026-11;5;4;141800
2026-11;5;5;98400
2026-11;5;7;109900
2026-11;5;8;116500
2026-11;5;10;126500
2026-11;5;13;154300
2026-11;5;14;165800
2026-11;5;16;121200
2026-11;5;17;127700
2026-11;5;19;589900
2026-11;5;20;612900
2026-11;5;22;690900
2026-11;5;23;743800
2026-11;5;25;551300
2026-11;6;1;108200
2026-11;6;3;117500
2026-11;6;4;122300
2026-11;6;6;143800
2026-11;6;7;154500
2026-11;6;9;113100
2026-11;6;12;131300
2026-11;6;13;136500
2026-11;6;15;154000
2026-11;6;16;165900
2026-11;6;18;123100
2026-11;6;19;545100
2026-11;6;21;606000
2026-11;6;22;629300
2026-11;6;24;677300
2026-11;6;25;734700
2026-11;7;2;105200
2026-11;7;3;110900
2026-11;7;5;122300
2026-11;7;6;127300
2026-11;7;8;143800
2026-11;7;11;115100
2026-11;7;12;121400
2026-11;7;14;135100
2026-11;7;15;140400
2026-11;7;17;151200
2026-11;7;18;164100
2026-11;7;20;794700
2026-11;7;21;548900
2026-11;7;23;607800
2026-11;7;24;641400
2026-11;8;1;134200
2026-11;8;2;144700
2026-11;8;4;107600
2026-11;8;5;113600
2026-11;8;7;126500
2026-11;8;10;141800
2026-11;8;11;154000
2026-11;8;13;177700
2026-11;8;14;122800
2026-11;8;16;136100
2026-11;8;17;143700
2026-11;8;19;649600
2026-11;8;20;673400
2026-11;8;22;784400
2026-11;8;23;840000
2026-11;8;25;609900
2026-11;9;1;123600
2026-11;9;3;133400
2026-11;9;4;144900
2026-11;9;6;167500
2026-11;9;9;128400
2026-11;9;10;135600
2026-11;9;12;146200
2026-11;9;13;151500
2026-11;9;15;176700
2026-11;9;16;189300
2026-11;9;18;137600
2026-11;9;19;606900
2026-11;9;21;663900
2026-11;9;22;688000
2026-11;9;24;771700
2026-11;9;25;828600
2026-11;10;2;121800
2026-11;10;3;128700
2026-11;10;5;138800
2026-11;10;8;168000
2026-11;10;9;180100
2026-11;10;11;131000
2026-11;10;12;137700
2026-11;10;14;150700
2026-11;10;15;156300
2026-11;10;17;175400
2026-11;10;18;188400
2026-11;10;20;584300
2026-11;10;21;614400
2026-11;10;23;679900
2026-11;10;24;704600
2026-11;11;1;161100
2026-11;11;2;172700
2026-11;11;4;125700
2026-11;11;7;144900
2026-11;11;8;150200
2026-11;11;10;168800
2026-11;11;11;181400
2026-11;11;13;134000
2026-11;11;14;141000
2026-11;11;16;156100
2026-11;11;17;161800
2026-11;11;19;728700
2026-11;11;20;788900
2026-11;11;22;905600
2026-11;11;23;624300
2026-11;11;25;688300
2026-11;12;1;145700
2026-11;12;3;163700
2026-11;12;6;130100
2026-11;12;7;137000
2026-11;12;9;151800
2026-11;12;10;157400
2026-11;12;12;168900
2026-11;12;13;182900
2026-11;12;15;210000
2026-11;12;16;144800
2026-11;12;18;159900
2026-11;12;19;867500
2026-11;12;21;921800
2026-11;12;22;949500
2026-11;12;24;1078500
2026-11;12;25;1142700
2026-11;13;2;148800
2026-11;13;5;165700
2026-11;13;6;179500
2026-11;13;8;206400
2026-11;13;9;142300
2026-11;13;11;157200
2026-11;13;12;165600
2026-11;13;14;177700
2026-11;13;15;183800
2026-11;13;17;213500
2026-11;13;18;228200
2026-11;13;20;693800
2026-11;13;21;727700
2026-11;13;23;793000
2026-11;13;24;820400
2026-11;14;1;203900
2026-11;14;4;155400
2026-11;14;5;163800
2026-11;14;7;175800
2026-11;14;8;182000
2026-11;14;10;211500
2026-11;14;11;226200
2026-11;14;13;163800
2026-11;14;14;171900
2026-11;14;16;187500
2026-11;14;17;193900
2026-11;14;19;911000
2026-11;14;20;976800
2026-11;14;22;718700
2026-11;14;23;754600
2026-11;14;25;832300
2026-11;15;3;210300
2026-11;15;4;224900
2026-11;15;6;163100
2026-11;15;7;171100
2026-11;15;9;186700
2026-11;15;10;193200
2026-11;15;12;216300
2026-11;15;13;231900
2026-11;15;15;170700
2026-11;15;16;179300
2026-11;15;18;197900
2026-11;15;19;860000
2026-11;15;21;919100
2026-11;15;22;993600
2026-11;15;24;1137000
2026-11;15;25;782600
2026-12;1;1;80000
2026-12;1;2;84100
2026-12;1;4;92500
2026-12;1;5;101400
2026-12;1;7;119100
2026-12;1;8;83000
2026-12;1;10;93500
2026-12;1;11;99400
2026-12;1;13;108600
2026-12;1;16;133800
2026-12;1;17;144100
2026-12;1;19;445200
2026-12;1;20;470400
2026-12;1;22;520000
2026-12;1;23;541600
2026-12;1;25;613400
2026-12;2;1;77100
2026-12;2;3;87100
2026-12;2;4;92700
2026-12;2;6;101600
2026-12;2;7;106200
2026-12;2;9;125500
2026-12;2;10;135500
2026-12;2;12;99800
2026-12;2;15;116800
2026-12;2;16;121800
2026-12;2;18;138200
2026-12;2;19;626500
2026-12;2;21;467100
2026-12;2;22;493600
2026-12;2;24;551100
2026-12;2;25;573500
2026-12;3;2;116600
2026-12;3;3;126000
2026-12;3;5;93000
2026-12;3;6;98400
2026-12;3;8;109200
2026-12;3;9;113900
2026-12;3;11;129500
2026-12;3;14;104400
2026-12;3;15;110400
2026-12;3;17;123500
2026-12;3;18;128600
2026-12;3;20;584400
2026-12;3;21;635500
2026-12;3;23;735600
2026-12;3;24;509100
2026-12;4;1;101100
2026-12;4;2;105600
2026-12;4;4;120200
2026-12;4;5;129900
2026-12;4;7;97300
2026-12;4;8;102900
2026-12;4;10;115200
2026-12;4;13;130100
2026-12;4;14;141600
2026-12;4;16;164200
2026-12;4;17;113700
2026-12;4;19;531200
2026-12;4;20;561800
2026-12;4;22;607100
2026-12;4;23;630400
2026-12;4;25;737000
2026-12;5;1;95200
2026-12;5;3;106800
2026-12;5;4;111400
2026-12;5;6;120900
2026-12;5;7;131700
2026-12;5;9;152800
2026-12;5;12;118000
2026-12;5;13;124900
2026-12;5;15;135200
2026-12;5;16;140400
2026-12;5;18;164300
2026-12;5;19;740800
2026-12;5;21;540100
2026-12;5;22;568500
2026-12;5;24;623900
2026-12;5;25;647500
2026-12;6;2;141900
2026-12;6;3;98400
2026-12;6;5;109700
2026-12;6;6;116300
2026-12;6;8;126000
2026-12;6;11;153400
2026-12;6;12;164700
2026-12;6;14;120300
2026-12;6;15;126700
2026-12;6;17;139100
2026-12;6;18;144400
2026-12;6;20;683300
2026-12;6;21;735100
2026-12;6;23;544400
2026-12;6;24;573300
2026-12;7;1;117300
2026-12;7;2;122100
2026-12;7;4;143200
2026-12;7;5;153800
2026-12;7;7;112400
2026-12;7;10;130200
2026-12;7;11;135400
2026-12;7;13;152700
2026-12;7;14;164200
2026-12;7;16;121800
2026-12;7;17;128300
2026-12;7;19;598300
2026-12;7;20;621200
2026-12;7;22;667900
2026-12;7;23;724200
2026-12;7;25;833400
2026-12;8;1;111100
2026-12;8;3;122400
2026-12;8;4;127200
2026-12;8;6;143600
2026-12;8;9;114700
2026-12;8;10;120900
2026-12;8;12;134400
2026-12;8;13;139600
2026-12;8;15;150300
2026-12;8;16;163000
2026-12;8;18;187700
2026-12;8;19;544300
2026-12;8;21;602200
2026-12;8;22;635200
2026-12;8;24;682700
2026-12;8;25;707000
2026-12;9;2;108700
2026-12;9;3;114600
2026-12;9;5;127600
2026-12;9;8;142700
2026-12;9;9;154900
2026-12;9;11;178500
2026-12;9;12;123300
2026-12;9;14;136600
2026-12;9;15;144100
2026-12;9;17;155000
2026-12;9;18;160600
2026-12;9;20;785300
2026-12;9;21;840500
2026-12;9;23;609900
2026-12;9;24;640500
2026-12;10;1;136700
2026-12;10;2;148400
2026-12;10;4;171200
2026-12;10;7;131100
2026-12;10;8;138400
2026-12;10;10;149000
2026-12;10;11;154500
2026-12;10;13;179900
2026-12;10;14;192700
2026-12;10;16;139900
2026-12;10;17;146900
2026-12;10;19;674500
2026-12;10;20;698800
2026-12;10;22;783300
2026-12;10;23;840700
2026-12;10;25;619900
2026-12;11;1;134100
2026-12;11;3;144400
2026-12;11;6;174600
2026-12;11;7;187000
2026-12;11;9;136000
2026-12;11;10;142800
2026-12;11;12;156200
2026-12;11;13;161900
2026-12;11;15;181600
2026-12;11;16;194900
2026-12;11;18;143800
2026-12;11;19;791200
2026-12;11;21;861600
2026-12;11;22;888400
2026-12;11;24;943100
2026-12;11;25;1008600
2026-12;12;2;133100
2026-12;12;5;153100
2026-12;12;6;158700
2026-12;12;8;178200
2026-12;12;9;191400
2026-12;12;11;141300
2026-12;12;12;148600
2026-12;12;14;164400
2026-12;12;15;170300
2026-12;12;17;182600
2026-12;12;18;197600
2026-12;12;20;951900
2026-12;12;21;656000
2026-12;12;23;722900
2026-12;12;24;761100
2026-12;13;1;175800
2026-12;13;4;139600
2026-12;13;5;146900
2026-12;13;7;162600
2026-12;13;8;168600
2026-12;13;10;180700
2026-12;13;11;195700
2026-12;13;13;224700
2026-12;13;14;154800
2026-12;13;16;170700
2026-12;13;17;179700
2026-12;13;19;809200
2026-12;13;20;836700
2026-12;13;22;970600
2026-12;13;23;1037000
2026-12;13;25;749900
2026-12;14;3;179500
2026-12;14;4;194400
2026-12;14;6;223400
2026-12;14;7;154000
2026-12;14;9;169900
2026-12;14;10;179000
2026-12;14;12;192000
2026-12;14;13;198600
2026-12;14;15;230400
2026-12;14;16;246200
2026-12;14;18;178200
2026-12;14;19;784600
2026-12;14;21;854600
2026-12;14;22;883800
2026-12;14;24;987600
2026-12;14;25;1058400
2026-12;15;2;169200
2026-12;15;3;178300
2026-12;15;5;191300
2026-12;15;6;197900
2026-12;15;8;229800
2026-12;15;9;245700
2026-12;15;11;177800
2026-12;15;12;186600
2026-12;15;14;203300
2026-12;15;15;210300
2026-12;15;17;235100
2026-12;15;18;252000
2026-12;15;20;778500
2026-12;15;21;817100
2026-12;15;23;900700
2026-12;15;24;931800
