period;cc_id;item_id;amount_plan
2025-01;1;1;52500
2025-01;1;3;56300
2025-01;1;4;58200
2025-01;1;6;62000
2025-01;1;7;63900
2025-01;1;9;67700
2025-01;1;10;69600
2025-01;1;12;73400
2025-01;1;13;75300
2025-01;1;15;79100
2025-01;1;16;81000
2025-01;1;18;84800
2025-01;1;19;364000
2025-01;1;21;379900
2025-01;1;22;387900
2025-01;1;24;403800
2025-01;1;25;411800
2025-01;2;2;63300
2025-01;2;3;65200
2025-01;2;5;69100
2025-01;2;6;71000
2025-01;2;8;74900
2025-01;2;9;76900
2025-01;2;11;80800
2025-01;2;12;82700
2025-01;2;14;86600
2025-01;2;15;88500
2025-01;2;17;92400
2025-01;2;18;94300
2025-01;2;20;412600
2025-01;2;21;420700
2025-01;2;23;437000
2025-01;2;24;445200
2025-01;3;1;70200
2025-01;3;2;72200
2025-01;3;4;76100
2025-01;3;5;78100
2025-01;3;7;82000
2025-01;3;8;84000
2025-01;3;10;87900
2025-01;3;11;89900
2025-01;3;13;93900
2025-01;3;14;95800
2025-01;3;16;99800
2025-01;3;17;101800
2025-01;3;19;444000
2025-01;3;20;452300
2025-01;3;22;468900
2025-01;3;23;477200
2025-01;3;25;493800
2025-01;4;1;78700
2025-01;4;3;82700
2025-01;4;4;84700
2025-01;4;6;88700
2025-01;4;7;90700
2025-01;4;9;94700
2025-01;4;10;96700
2025-01;4;12;100700
2025-01;4;13;102700
2025-01;4;15;106600
2025-01;4;16;108600
2025-01;4;18;112600
2025-01;4;19;481400
2025-01;4;21;498100
2025-01;4;22;506500
2025-01;4;24;523300
2025-01;4;25;531600
2025-01;5;2;88700
2025-01;5;3;90700
2025-01;5;5;94700
2025-01;5;6;96700
2025-01;5;8;100700
2025-01;5;9;102700
2025-01;5;11;106700
2025-01;5;12;108700
2025-01;5;14;112700
2025-01;5;15;114700
2025-01;5;17;118700
2025-01;5;18;120700
2025-01;5;20;523700
2025-01;5;21;532100
2025-01;5;23;548900
2025-01;5;24;557300
2025-01;6;1;94000
2025-01;6;2;96000
2025-01;6;4;100000
2025-01;6;5;102000
2025-01;6;7;105900
2025-01;6;8;107900
2025-01;6;10;111900
2025-01;6;11;113900
2025-01;6;13;117800
2025-01;6;14;119800
2025-01;6;16;123800
2025-01;6;17;125800
2025-01;6;19;544900
2025-01;6;20;553300
2025-01;6;22;569900
2025-01;6;23;578300
2025-01;6;25;595000
2025-01;7;1;100400
2025-01;7;3;104400
2025-01;7;4;106300
2025-01;7;6;110200
2025-01;7;7;112200
2025-01;7;9;116100
2025-01;7;10;118100
2025-01;7;12;122000
2025-01;7;13;123900
2025-01;7;15;127800
2025-01;7;16;129800
2025-01;7;18;133700
2025-01;7;19;569800
2025-01;7;21;586200
2025-01;7;22;594500
2025-01;7;24;610900
2025-01;7;25;619100
2025-01;8;2;107900
2025-01;8;3;109800
2025-01;8;5;113700
2025-01;8;6;115600
2025-01;8;8;119400
2025-01;8;9;121300
2025-01;8;11;125200
2025-01;8;12;127100
2025-01;8;14;130900
2025-01;8;15;132800
2025-01;8;17;136700
2025-01;8;18;138600
2025-01;8;20;598200
2025-01;8;21;606200
2025-01;8;23;622400
2025-01;8;24;630400
2025-01;9;1;110800
2025-01;9;2;112700
2025-01;9;4;116400
2025-01;9;5;118300
2025-01;9;7;122000
2025-01;9;8;123900
2025-01;9;10;127600
2025-01;9;11;129500
2025-01;9;13;133200
2025-01;9;14;135100
2025-01;9;16;138900
2025-01;9;17;140700
2025-01;9;19;606700
2025-01;9;20;614600
2025-01;9;22;630300
2025-01;9;23;638200
2025-01;9;25;653900
2025-01;10;1;115100
2025-01;10;3;118700
2025-01;10;4;120500
2025-01;10;6;124200
2025-01;10;7;126000
2025-01;10;9;129600
2025-01;10;10;131500
2025-01;10;12;135100
2025-01;10;13;136900
2025-01;10;15;140600
2025-01;10;16;142400
2025-01;10;18;146000
2025-01;10;19;621000
2025-01;10;21;636300
2025-01;10;22;644000
2025-01;10;24;659300
2025-01;10;25;666900
2025-01;11;2;120900
2025-01;11;3;122700
2025-01;11;5;126300
2025-01;11;6;128100
2025-01;11;8;131600
2025-01;11;9;133400
2025-01;11;11;136900
2025-01;11;12;138700
2025-01;11;14;142300
2025-01;11;15;144000
2025-01;11;17;147600
2025-01;11;18;149400
2025-01;11;20;642200
2025-01;11;21;649700
2025-01;11;23;664600
2025-01;11;24;672100
2025-01;12;1;123500
2025-01;12;2;125200
2025-01;12;4;128700
2025-01;12;5;130400
2025-01;12;7;133900
2025-01;12;8;135700
2025-01;12;10;139100
2025-01;12;11;140900
2025-01;12;13;144300
2025-01;12;14;146100
2025-01;12;16;149600
2025-01;12;17;151300
2025-01;12;19;650100
2025-01;12;20;657400
2025-01;12;22;672000
2025-01;12;23;679300
2025-01;12;25;693900
2025-01;13;1;128400
2025-01;13;3;131900
2025-01;13;4;133600
2025-01;13;6;137000
2025-01;13;7;138700
2025-01;13;9;142100
2025-01;13;10;143900
2025-01;13;12;147300
2025-01;13;13;149000
2025-01;13;15;152400
2025-01;13;16;154100
2025-01;13;18;157600
2025-01;13;19;668900
2025-01;13;21;683300
2025-01;13;22;690500
2025-01;13;24;704900
2025-01;13;25;712100
2025-01;14;2;136100
2025-01;14;3;137800
2025-01;14;5;141200
2025-01;14;6;142900
2025-01;14;8;146300
2025-01;14;9;148000
2025-01;14;11;151400
2025-01;14;12;153100
2025-01;14;14;156500
2025-01;14;15;158200
2025-01;14;17;161600
2025-01;14;18;163300
2025-01;14;20;700200
2025-01;14;21;707400
2025-01;14;23;721700
2025-01;14;24;728800
2025-01;15;1;141600
2025-01;15;2;143300
2025-01;15;4;146700
2025-01;15;5;148400
2025-01;15;7;151800
2025-01;15;8;153500
2025-01;15;10;157000
2025-01;15;11;158700
2025-01;15;13;162100
2025-01;15;14;163800
2025-01;15;16;167200
2025-01;15;17;168900
2025-01;15;19;723800
2025-01;15;20;731000
2025-01;15;22;745300
2025-01;15;23;752500
2025-01;15;25;766800
2025-02;1;2;58000
2025-02;1;3;60000
2025-02;1;5;63900
2025-02;1;6;65800
2025-02;1;8;69700
2025-02;1;9;71600
2025-02;1;11;75500
2025-02;1;12;77500
2025-02;1;14;81300
2025-02;1;15;83300
2025-02;1;17;87200
2025-02;1;18;89100
2025-02;1;20;390500
2025-02;1;21;398700
2025-02;1;23;415000
2025-02;1;24;423100
2025-02;2;1;64800
2025-02;2;2;66800
2025-02;2;4;70800
2025-02;2;5;72700
2025-02;2;7;76700
2025-02;2;8;78700
2025-02;2;10;82600
2025-02;2;11;84600
2025-02;2;13;88500
2025-02;2;14;90500
2025-02;2;16;94500
2025-02;2;17;96400
2025-02;2;19;421600
2025-02;2;20;429900
2025-02;2;22;446500
2025-02;2;23;454800
2025-02;2;25;471400
2025-02;3;1;73300
2025-02;3;3;77300
2025-02;3;4;79300
2025-02;3;6;83300
2025-02;3;7;85300
2025-02;3;9;89300
2025-02;3;10;91300
2025-02;3;12;95300
2025-02;3;13;97300
2025-02;3;15;101300
2025-02;3;16;103200
2025-02;3;18;107200
2025-02;3;19;458800
2025-02;3;21;475500
2025-02;3;22;483900
2025-02;3;24;500600
2025-02;3;25;509000
2025-02;4;2;83300
2025-02;4;3;85300
2025-02;4;5;89300
2025-02;4;6;91300
2025-02;4;8;95300
2025-02;4;9;97300
2025-02;4;11;101300
2025-02;4;12;103300
2025-02;4;14;107300
2025-02;4;15;109300
2025-02;4;17;113300
2025-02;4;18;115300
2025-02;4;20;501100
2025-02;4;21;509400
2025-02;4;23;526200
2025-02;4;24;534600
2025-02;5;1;88700
2025-02;5;2;90600
2025-02;5;4;94600
2025-02;5;5;96600
2025-02;5;7;100600
2025-02;5;8;102600
2025-02;5;10;106500
2025-02;5;11;108500
2025-02;5;13;112500
2025-02;5;14;114500
2025-02;5;16;118400
2025-02;5;17;120400
2025-02;5;19;522400
2025-02;5;20;530800
2025-02;5;22;547400
2025-02;5;23;555800
2025-02;5;25;572400
2025-02;6;1;95200
2025-02;6;3;99100
2025-02;6;4;101000
2025-02;6;6;104900
2025-02;6;7;106900
2025-02;6;9;110800
2025-02;6;10;112800
2025-02;6;12;116700
2025-02;6;13;118600
2025-02;6;15;122600
2025-02;6;16;124500
2025-02;6;18;128400
2025-02;6;19;547600
2025-02;6;21;564000
2025-02;6;22;572300
2025-02;6;24;588700
2025-02;6;25;596900
2025-02;7;2;102700
2025-02;7;3;104600
2025-02;7;5;108500
2025-02;7;6;110400
2025-02;7;8;114200
2025-02;7;9;116100
2025-02;7;11;120000
2025-02;7;12;121900
2025-02;7;14;125700
2025-02;7;15;127700
2025-02;7;17;131500
2025-02;7;18;133400
2025-02;7;20;576400
2025-02;7;21;584500
2025-02;7;23;600600
2025-02;7;24;608600
2025-02;8;1;105700
2025-02;8;2;107600
2025-02;8;4;111300
2025-02;8;5;113200
2025-02;8;7;117000
2025-02;8;8;118800
2025-02;8;10;122600
2025-02;8;11;124400
2025-02;8;13;128200
2025-02;8;14;130100
2025-02;8;16;133800
2025-02;8;17;135700
2025-02;8;19;585500
2025-02;8;20;593400
2025-02;8;22;609100
2025-02;8;23;616900
2025-02;8;25;632700
2025-02;9;1;110100
2025-02;9;3;113800
2025-02;9;4;115600
2025-02;9;6;119300
2025-02;9;7;121100
2025-02;9;9;124700
2025-02;9;10;126500
2025-02;9;12;130200
2025-02;9;13;132000
2025-02;9;15;135600
2025-02;9;16;137500
2025-02;9;18;141100
2025-02;9;19;600300
2025-02;9;21;615600
2025-02;9;22;623300
2025-02;9;24;638600
2025-02;9;25;646200
2025-02;10;2;116100
2025-02;10;3;117900
2025-02;10;5;121500
2025-02;10;6;123300
2025-02;10;8;126800
2025-02;10;9;128600
2025-02;10;11;132100
2025-02;10;12;133900
2025-02;10;14;137500
2025-02;10;15;139200
2025-02;10;17;142800
2025-02;10;18;144600
2025-02;10;20;622100
2025-02;10;21;629500
2025-02;10;23;644400
2025-02;10;24;651900
2025-02;11;1;118800
2025-02;11;2;120500
2025-02;11;4;124000
2025-02;11;5;125700
2025-02;11;7;129200
2025-02;11;8;131000
2025-02;11;10;134400
2025-02;11;11;136200
2025-02;11;13;139700
2025-02;11;14;141400
2025-02;11;16;144900
2025-02;11;17;146600
2025-02;11;19;630300
2025-02;11;20;637600
2025-02;11;22;652200
2025-02;11;23;659500
2025-02;11;25;674100
2025-02;12;1;123800
2025-02;12;3;127200
2025-02;12;4;128900
2025-02;12;6;132400
2025-02;12;7;134100
2025-02;12;9;137500
2025-02;12;10;139200
2025-02;12;12;142600
2025-02;12;13;144400
2025-02;12;15;147800
2025-02;12;16;149500
2025-02;12;18;152900
2025-02;12;19;649500
2025-02;12;21;663900
2025-02;12;22;671000
2025-02;12;24;685400
2025-02;12;25;692600
2025-02;13;2;131500
2025-02;13;3;133200
2025-02;13;5;136600
2025-02;13;6;138300
2025-02;13;8;141700
2025-02;13;9;143400
2025-02;13;11;146800
2025-02;13;12;148500
2025-02;13;14;151900
2025-02;13;15;153600
2025-02;13;17;157000
2025-02;13;18;158700
2025-02;13;20;680900
2025-02;13;21;688000
2025-02;13;23;702300
2025-02;13;24;709500
2025-02;14;1;137000
2025-02;14;2;138700
2025-02;14;4;142100
2025-02;14;5;143800
2025-02;14;7;147200
2025-02;14;8;148900
2025-02;14;10;152300
2025-02;14;11;154100
2025-02;14;13;157500
2025-02;14;14;159200
2025-02;14;16;162600
2025-02;14;17;164300
2025-02;14;19;704400
2025-02;14;20;711600
2025-02;14;22;725900
2025-02;14;23;733100
2025-02;14;25;747400
2025-02;15;1;145500
2025-02;15;3;149000
2025-02;15;4;150700
2025-02;15;6;154200
2025-02;15;7;155900
2025-02;15;9;159400
2025-02;15;10;161100
2025-02;15;12;164500
2025-02;15;13;166300
2025-02;15;15;169700
2025-02;15;16;171500
2025-02;15;18;174900
2025-02;15;19;742000
2025-02;15;21;756500
2025-02;15;22;763700
2025-02;15;24;778300
2025-02;15;25;785500
2025-03;1;1;59500
2025-03;1;2;61500
2025-03;1;4;65400
2025-03;1;5;67400
2025-03;1;7;71400
2025-03;1;8;73300
2025-03;1;10;77300
2025-03;1;11;79200
2025-03;1;13;83200
2025-03;1;14;85200
2025-03;1;16;89100
2025-03;1;17;91100
2025-03;1;19;399200
2025-03;1;20;407500
2025-03;1;22;424100
2025-03;1;23;432400
2025-03;1;25;448900
2025-03;2;1;68000
2025-03;2;3;71900
2025-03;2;4;73900
2025-03;2;6;77900
2025-03;2;7;79900
2025-03;2;9;83900
2025-03;2;10;85900
2025-03;2;12;89900
2025-03;2;13;91900
2025-03;2;15;95900
2025-03;2;16;97900
2025-03;2;18;101800
2025-03;2;19;436100
2025-03;2;21;452900
2025-03;2;22;461300
2025-03;2;24;478000
2025-03;2;25;486400
2025-03;3;2;77900
2025-03;3;3;79900
2025-03;3;5;83900
2025-03;3;6;85900
2025-03;3;8;89900
2025-03;3;9;91900
2025-03;3;11;95900
2025-03;3;12;97900
2025-03;3;14;101900
2025-03;3;15;103900
2025-03;3;17;107900
2025-03;3;18;109900
2025-03;3;20;478400
2025-03;3;21;486800
2025-03;3;23;503600
2025-03;3;24;511900
2025-03;4;1;83300
2025-03;4;2;85300
2025-03;4;4;89300
2025-03;4;5;91200
2025-03;4;7;95200
2025-03;4;8;97200
2025-03;4;10;101200
2025-03;4;11;103100
2025-03;4;13;107100
2025-03;4;14;109100
2025-03;4;16;113100
2025-03;4;17;115100
2025-03;4;19;499900
2025-03;4;20;508200
2025-03;4;22;524900
2025-03;4;23;533200
2025-03;4;25;549900
2025-03;5;1;89900
2025-03;5;3;93800
2025-03;5;4;95700
2025-03;5;6;99600
2025-03;5;7;101600
2025-03;5;9;105500
2025-03;5;10;107500
2025-03;5;12;111400
2025-03;5;13;113300
2025-03;5;15;117300
2025-03;5;16;119200
2025-03;5;18;123100
2025-03;5;19;525400
2025-03;5;21;541800
2025-03;5;22;550000
2025-03;5;24;566500
2025-03;5;25;574700
2025-03;6;2;97500
2025-03;6;3;99500
2025-03;6;5;103300
2025-03;6;6;105200
2025-03;6;8;109000
2025-03;6;9;111000
2025-03;6;11;114800
2025-03;6;12;116700
2025-03;6;14;120600
2025-03;6;15;122500
2025-03;6;17;126300
2025-03;6;18;128200
2025-03;6;20;554700
2025-03;6;21;562700
2025-03;6;23;578800
2025-03;6;24;586900
2025-03;7;1;100700
2025-03;7;2;102500
2025-03;7;4;106300
2025-03;7;5;108200
2025-03;7;7;111900
2025-03;7;8;113800
2025-03;7;10;117500
2025-03;7;11;119400
2025-03;7;13;123100
2025-03;7;14;125000
2025-03;7;16;128700
2025-03;7;17;130600
2025-03;7;19;564300
2025-03;7;20;572100
2025-03;7;22;587800
2025-03;7;23;595700
2025-03;7;25;611400
2025-03;8;1;105200
2025-03;8;3;108900
2025-03;8;4;110700
2025-03;8;6;114300
2025-03;8;7;116200
2025-03;8;9;119800
2025-03;8;10;121600
2025-03;8;12;125300
2025-03;8;13;127100
2025-03;8;15;130700
2025-03;8;16;132500
2025-03;8;18;136200
2025-03;8;19;579700
2025-03;8;21;595000
2025-03;8;22;602600
2025-03;8;24;617900
2025-03;8;25;625600
2025-03;9;2;111300
2025-03;9;3;113100
2025-03;9;5;116700
2025-03;9;6;118500
2025-03;9;8;122000
2025-03;9;9;123800
2025-03;9;11;127300
2025-03;9;12;129100
2025-03;9;14;132700
2025-03;9;15;134400
2025-03;9;17;138000
2025-03;9;18;139800
2025-03;9;20;601900
2025-03;9;21;609400
2025-03;9;23;624300
2025-03;9;24;631700
2025-03;10;1;114100
2025-03;10;2;115800
2025-03;10;4;119300
2025-03;10;5;121000
2025-03;10;7;124500
2025-03;10;8;126300
2025-03;10;10;129700
2025-03;10;11;131500
2025-03;10;13;135000
2025-03;10;14;136700
2025-03;10;16;140200
2025-03;10;17;141900
2025-03;10;19;610600
2025-03;10;20;617900
2025-03;10;22;632500
2025-03;10;23;639800
2025-03;10;25;654400
2025-03;11;1;119200
2025-03;11;3;122600
2025-03;11;4;124300
2025-03;11;6;127700
2025-03;11;7;129500
2025-03;11;9;132900
2025-03;11;10;134600
2025-03;11;12;138000
2025-03;11;13;139700
2025-03;11;15;143200
2025-03;11;16;144900
2025-03;11;18;148300
2025-03;11;19;630000
2025-03;11;21;644400
2025-03;11;22;651600
2025-03;11;24;666000
2025-03;11;25;673200
2025-03;12;2;126900
2025-03;12;3;128600
2025-03;12;5;132000
2025-03;12;6;133700
2025-03;12;8;137100
2025-03;12;9;138800
2025-03;12;11;142200
2025-03;12;12;143900
2025-03;12;14;147300
2025-03;12;15;149000
2025-03;12;17;152400
2025-03;12;18;154100
2025-03;12;20;661600
2025-03;12;21;668700
2025-03;12;23;683000
2025-03;12;24;690200
2025-03;13;1;132400
2025-03;13;2;134100
2025-03;13;4;137500
2025-03;13;5;139200
2025-03;13;7;142600
2025-03;13;8;144300
2025-03;13;10;147700
2025-03;13;11;149400
2025-03;13;13;152900
2025-03;13;14;154600
2025-03;13;16;158000
2025-03;13;17;159700
2025-03;13;19;685000
2025-03;13;20;692200
2025-03;13;22;706500
2025-03;13;23;713700
2025-03;13;25;728100
2025-03;14;1;140800
2025-03;14;3;144300
2025-03;14;4;146000
2025-03;14;6;149500
2025-03;14;7;151200
2025-03;14;9;154700
2025-03;14;10;156400
2025-03;14;12;159900
2025-03;14;13;161600
2025-03;14;15;165100
2025-03;14;16;166800
2025-03;14;18;170300
2025-03;14;19;722300
2025-03;14;21;736800
2025-03;14;22;744100
2025-03;14;24;758600
2025-03;14;25;765900
2025-03;15;2;152400
2025-03;15;3;154200
2025-03;15;5;157700
2025-03;15;6;159500
2025-03;15;8;163000
2025-03;15;9;164800
2025-03;15;11;168300
2025-03;15;12;170100
2025-03;15;14;173600
2025-03;15;15;175300
2025-03;15;17;178900
2025-03;15;18;180600
2025-03;15;20;773500
2025-03;15;21;780900
2025-03;15;23;795700
2025-03;15;24;803100
2025-04;1;1;62600
2025-04;1;3;66600
2025-04;1;4;68500
2025-04;1;6;72500
2025-04;1;7;74500
2025-04;1;9;78500
2025-04;1;10;80500
2025-04;1;12;84500
2025-04;1;13;86500
2025-04;1;15;90500
2025-04;1;16;92500
2025-04;1;18;96500
2025-04;1;19;413500
2025-04;1;21;430300
2025-04;1;22;438600
2025-04;1;24;455400
2025-04;1;25;463700
2025-04;2;2;72600
2025-04;2;3;74500
2025-04;2;5;78500
2025-04;2;6;80500
2025-04;2;8;84500
2025-04;2;9;86500
2025-04;2;11;90500
2025-04;2;12;92500
2025-04;2;14;96500
2025-04;2;15;98500
2025-04;2;17;102500
2025-04;2;18;104500
2025-04;2;20;455700
2025-04;2;21;464100
2025-04;2;23;480900
2025-04;2;24;489300
2025-04;3;1;77900
2025-04;3;2;79900
2025-04;3;4;83900
2025-04;3;5;85900
2025-04;3;7;89800
2025-04;3;8;91800
2025-04;3;10;95800
2025-04;3;11;97800
2025-04;3;13;101700
2025-04;3;14;103700
2025-04;3;16;107700
2025-04;3;17;109700
2025-04;3;19;477400
2025-04;3;20;485700
2025-04;3;22;502400
2025-04;3;23;510700
2025-04;3;25;527400
2025-04;4;1;84600
2025-04;4;3;88500
2025-04;4;4;90400
2025-04;4;6;94400
2025-04;4;7;96300
2025-04;4;9;100200
2025-04;4;10;102200
2025-04;4;12;106100
2025-04;4;13;108100
2025-04;4;15;112000
2025-04;4;16;113900
2025-04;4;18;117800
2025-04;4;19;503200
2025-04;4;21;519600
2025-04;4;22;527800
2025-04;4;24;544300
2025-04;4;25;552500
2025-04;5;2;92400
2025-04;5;3;94300
2025-04;5;5;98100
2025-04;5;6;100000
2025-04;5;8;103900
2025-04;5;9;105800
2025-04;5;11;109600
2025-04;5;12;111500
2025-04;5;14;115400
2025-04;5;15;117300
2025-04;5;17;121100
2025-04;5;18;123000
2025-04;5;20;532900
2025-04;5;21;540900
2025-04;5;23;557000
2025-04;5;24;565100
2025-04;6;1;95600
2025-04;6;2;97500
2025-04;6;4;101200
2025-04;6;5;103100
2025-04;6;7;106800
2025-04;6;8;108700
2025-04;6;10;112500
2025-04;6;11;114300
2025-04;6;13;118100
2025-04;6;14;119900
2025-04;6;16;123700
2025-04;6;17;125600
2025-04;6;19;543000
2025-04;6;20;550900
2025-04;6;22;566600
2025-04;6;23;574500
2025-04;6;25;590200
2025-04;7;1;100300
2025-04;7;3;103900
2025-04;7;4;105800
2025-04;7;6;109400
2025-04;7;7;111200
2025-04;7;9;114900
2025-04;7;10;116700
2025-04;7;12;120300
2025-04;7;13;122200
2025-04;7;15;125800
2025-04;7;16;127600
2025-04;7;18;131300
2025-04;7;19;559000
2025-04;7;21;574300
2025-04;7;22;581900
2025-04;7;24;597200
2025-04;7;25;604900
2025-04;8;2;106500
2025-04;8;3;108300
2025-04;8;5;111900
2025-04;8;6;113700
2025-04;8;8;117200
2025-04;8;9;119000
2025-04;8;11;122500
2025-04;8;12;124300
2025-04;8;14;127900
2025-04;8;15;129600
2025-04;8;17;133200
2025-04;8;18;135000
2025-04;8;20;581800
2025-04;8;21;589200
2025-04;8;23;604100
2025-04;8;24;611600
2025-04;9;1;109400
2025-04;9;2;111100
2025-04;9;4;114600
2025-04;9;5;116400
2025-04;9;7;119800
2025-04;9;8;121600
2025-04;9;10;125000
2025-04;9;11;126800
2025-04;9;13;130300
2025-04;9;14;132000
2025-04;9;16;135500
2025-04;9;17;137200
2025-04;9;19;590900
2025-04;9;20;598200
2025-04;9;22;612800
2025-04;9;23;620100
2025-04;9;25;634700
2025-04;10;1;114600
2025-04;10;3;118000
2025-04;10;4;119700
2025-04;10;6;123100
2025-04;10;7;124800
2025-04;10;9;128300
2025-04;10;10;130000
2025-04;10;12;133400
2025-04;10;13;135100
2025-04;10;15;138500
2025-04;10;16;140200
2025-04;10;18;143700
2025-04;10;19;610600
2025-04;10;21;625000
2025-04;10;22;632200
2025-04;10;24;646500
2025-04;10;25;653700
2025-04;11;2;122300
2025-04;11;3;124000
2025-04;11;5;127400
2025-04;11;6;129100
2025-04;11;8;132500
2025-04;11;9;134200
2025-04;11;11;137600
2025-04;11;12;139300
2025-04;11;14;142700
2025-04;11;15;144400
2025-04;11;17;147800
2025-04;11;18;149500
2025-04;11;20;642300
2025-04;11;21;649400
2025-04;11;23;663700
2025-04;11;24;670900
2025-04;12;1;127700
2025-04;12;2;129400
2025-04;12;4;132900
2025-04;12;5;134600
2025-04;12;7;138000
2025-04;12;8;139700
2025-04;12;10;143100
2025-04;12;11;144800
2025-04;12;13;148200
2025-04;12;14;149900
2025-04;12;16;153400
2025-04;12;17;155100
2025-04;12;19;665600
2025-04;12;20;672800
2025-04;12;22;687100
2025-04;12;23;694300
2025-04;12;25;708700
2025-04;13;1;136200
2025-04;13;3;139600
2025-04;13;4;141400
2025-04;13;6;144800
2025-04;13;7;146600
2025-04;13;9;150000
2025-04;13;10;151700
2025-04;13;12;155200
2025-04;13;13;156900
2025-04;13;15;160400
2025-04;13;16;162100
2025-04;13;18;165600
2025-04;13;19;702700
2025-04;13;21;717200
2025-04;13;22;724500
2025-04;13;24;739000
2025-04;13;25;746300
2025-04;14;2;147600
2025-04;14;3;149400
2025-04;14;5;152900
2025-04;14;6;154700
2025-04;14;8;158200
2025-04;14;9;160000
2025-04;14;11;163500
2025-04;14;12;165300
2025-04;14;14;168800
2025-04;14;15;170600
2025-04;14;17;174100
2025-04;14;18;175900
2025-04;14;20;753500
2025-04;14;21;760900
2025-04;14;23;775700
2025-04;14;24;783100
2025-04;15;1;156700
2025-04;15;2;158500
2025-04;15;4;162100
2025-04;15;5;163900
2025-04;15;7;167500
2025-04;15;8;169300
2025-04;15;10;172900
2025-04;15;11;174800
2025-04;15;13;178400
2025-04;15;14;180200
2025-04;15;16;183800
2025-04;15;17;185600
2025-04;15;19;794700
2025-04;15;20;802300
2025-04;15;22;817500
2025-04;15;23;825100
2025-04;15;25;840300
2025-05;1;2;67200
2025-05;1;3;69200
2025-05;1;5;73100
2025-05;1;6;75100
2025-05;1;8;79100
2025-05;1;9;81100
2025-05;1;11;85100
2025-05;1;12;87100
2025-05;1;14;91100
2025-05;1;15;93100
2025-05;1;17;97100
2025-05;1;18;99100
2025-05;1;20;433000
2025-05;1;21;441400
2025-05;1;23;458200
2025-05;1;24;466600
2025-05;2;1;72600
2025-05;2;2;74600
2025-05;2;4;78500
2025-05;2;5;80500
2025-05;2;7;84500
2025-05;2;8;86500
2025-05;2;10;90400
2025-05;2;11;92400
2025-05;2;13;96400
2025-05;2;14;98400
2025-05;2;16;102300
2025-05;2;17;104300
2025-05;2;19;454800
2025-05;2;20;463200
2025-05;2;22;479800
2025-05;2;23;488200
2025-05;2;25;504800
2025-05;3;1;79300
2025-05;3;3;83200
2025-05;3;4;85200
2025-05;3;6;89100
2025-05;3;7;91000
2025-05;3;9;94900
2025-05;3;10;96900
2025-05;3;12;100800
2025-05;3;13;102800
2025-05;3;15;106700
2025-05;3;16;108600
2025-05;3;18;112600
2025-05;3;19;481000
2025-05;3;21;497400
2025-05;3;22;505600
2025-05;3;24;522000
2025-05;3;25;530300
2025-05;4;2;87200
2025-05;4;3;89100
2025-05;4;5;92900
2025-05;4;6;94800
2025-05;4;8;98700
2025-05;4;9;100600
2025-05;4;11;104400
2025-05;4;12;106400
2025-05;4;14;110200
2025-05;4;15;112100
2025-05;4;17;115900
2025-05;4;18;117900
2025-05;4;20;511100
2025-05;4;21;519200
2025-05;4;23;535300
2025-05;4;24;543300
2025-05;5;1;90600
2025-05;5;2;92400
2025-05;5;4;96200
2025-05;5;5;98000
2025-05;5;7;101800
2025-05;5;8;103700
2025-05;5;10;107400
2025-05;5;11;109300
2025-05;5;13;113000
2025-05;5;14;114900
2025-05;5;16;118600
2025-05;5;17;120500
2025-05;5;19;521800
2025-05;5;20;529700
2025-05;5;22;545400
2025-05;5;23;553200
2025-05;5;25;568900
2025-05;6;1;95400
2025-05;6;3;99000
2025-05;6;4;100800
2025-05;6;6;104500
2025-05;6;7;106300
2025-05;6;9;109900
2025-05;6;10;111800
2025-05;6;12;115400
2025-05;6;13;117200
2025-05;6;15;120900
2025-05;6;16;122700
2025-05;6;18;126300
2025-05;6;19;538300
2025-05;6;21;553600
2025-05;6;22;561300
2025-05;6;24;576600
2025-05;6;25;584200
2025-05;7;2;101700
2025-05;7;3;103500
2025-05;7;5;107100
2025-05;7;6;108900
2025-05;7;8;112400
2025-05;7;9;114200
2025-05;7;11;117700
2025-05;7;12;119500
2025-05;7;14;123100
2025-05;7;15;124800
2025-05;7;17;128400
2025-05;7;18;130200
2025-05;7;20;561600
2025-05;7;21;569100
2025-05;7;23;584000
2025-05;7;24;591400
2025-05;8;1;104700
2025-05;8;2;106400
2025-05;8;4;109900
2025-05;8;5;111700
2025-05;8;7;115100
2025-05;8;8;116900
2025-05;8;10;120300
2025-05;8;11;122100
2025-05;8;13;125600
2025-05;8;14;127300
2025-05;8;16;130800
2025-05;8;17;132500
2025-05;8;19;571100
2025-05;8;20;578400
2025-05;8;22;593000
2025-05;8;23;600300
2025-05;8;25;614900
2025-05;9;1;109900
2025-05;9;3;113300
2025-05;9;4;115100
2025-05;9;6;118500
2025-05;9;7;120200
2025-05;9;9;123600
2025-05;9;10;125300
2025-05;9;12;128800
2025-05;9;13;130500
2025-05;9;15;133900
2025-05;9;16;135600
2025-05;9;18;139000
2025-05;9;19;591100
2025-05;9;21;605500
2025-05;9;22;612700
2025-05;9;24;627100
2025-05;9;25;634300
2025-05;10;2;117700
2025-05;10;3;119400
2025-05;10;5;122800
2025-05;10;6;124500
2025-05;10;8;127900
2025-05;10;9;129600
2025-05;10;11;133000
2025-05;10;12;134700
2025-05;10;14;138100
2025-05;10;15;139800
2025-05;10;17;143200
2025-05;10;18;144900
2025-05;10;20;622900
2025-05;10;21;630100
2025-05;10;23;644400
2025-05;10;24;651500
2025-05;11;1;123100
2025-05;11;2;124800
2025-05;11;4;128200
2025-05;11;5;130000
2025-05;11;7;133400
2025-05;11;8;135100
2025-05;11;10;138500
2025-05;11;11;140200
2025-05;11;13;143600
2025-05;11;14;145300
2025-05;11;16;148700
2025-05;11;17;150400
2025-05;11;19;646200
2025-05;11;20;653400
2025-05;11;22;667800
2025-05;11;23;674900
2025-05;11;25;689300
2025-05;12;1;131500
2025-05;12;3;135000
2025-05;12;4;136700
2025-05;12;6;140100
2025-05;12;7;141900
2025-05;12;9;145300
2025-05;12;10;147100
2025-05;12;12;150500
2025-05;12;13;152300
2025-05;12;15;155700
2025-05;12;16;157400
2025-05;12;18;160900
2025-05;12;19;683100
2025-05;12;21;697600
2025-05;12;22;704800
2025-05;12;24;719400
2025-05;12;25;726600
2025-05;13;2;142900
2025-05;13;3;144600
2025-05;13;5;148200
2025-05;13;6;149900
2025-05;13;8;153500
2025-05;13;9;155200
2025-05;13;11;158800
2025-05;13;12;160500
2025-05;13;14;164000
2025-05;13;15;165800
2025-05;13;17;169300
2025-05;13;18;171100
2025-05;13;20;733400
2025-05;13;21;740900
2025-05;13;23;755700
2025-05;13;24;763100
2025-05;14;1;151800
2025-05;14;2;153600
2025-05;14;4;157200
2025-05;14;5;159000
2025-05;14;7;162600
2025-05;14;8;164400
2025-05;14;10;168100
2025-05;14;11;169900
2025-05;14;13;173500
2025-05;14;14;175300
2025-05;14;16;178900
2025-05;14;17;180700
2025-05;14;19;774200
2025-05;14;20;781800
2025-05;14;22;797000
2025-05;14;23;804600
2025-05;14;25;819800
2025-05;15;1;163200
2025-05;15;3;166900
2025-05;15;4;168800
2025-05;15;6;172500
2025-05;15;7;174300
2025-05;15;9;178100
2025-05;15;10;179900
2025-05;15;12;183600
2025-05;15;13;185500
2025-05;15;15;189200
2025-05;15;16;191100
2025-05;15;18;194800
2025-05;15;19;825900
2025-05;15;21;841500
2025-05;15;22;849300
2025-05;15;24;864900
2025-05;15;25;872700
2025-06;1;1;67200
2025-06;1;2;69200
2025-06;1;4;73200
2025-06;1;5;75100
2025-06;1;7;79100
2025-06;1;8;81100
2025-06;1;10;85100
2025-06;1;11;87100
2025-06;1;13;91000
2025-06;1;14;93000
2025-06;1;16;97000
2025-06;1;17;99000
2025-06;1;19;432300
2025-06;1;20;440600
2025-06;1;22;457300
2025-06;1;23;465600
2025-06;1;25;482300
2025-06;2;1;74000
2025-06;2;3;77900
2025-06;2;4;79900
2025-06;2;6;83800
2025-06;2;7;85700
2025-06;2;9;89700
2025-06;2;10;91600
2025-06;2;12;95500
2025-06;2;13;97500
2025-06;2;15;101400
2025-06;2;16;103400
2025-06;2;18;107300
2025-06;2;19;458700
2025-06;2;21;475200
2025-06;2;22;483400
2025-06;2;24;499800
2025-06;2;25;508100
2025-06;3;2;82000
2025-06;3;3;83900
2025-06;3;5;87700
2025-06;3;6;89700
2025-06;3;8;93500
2025-06;3;9;95400
2025-06;3;11;99300
2025-06;3;12;101200
2025-06;3;14;105000
2025-06;3;15;106900
2025-06;3;17;110800
2025-06;3;18;112700
2025-06;3;20;489300
2025-06;3;21;497400
2025-06;3;23;513500
2025-06;3;24;521600
2025-06;4;1;85500
2025-06;4;2;87400
2025-06;4;4;91100
2025-06;4;5;93000
2025-06;4;7;96700
2025-06;4;8;98600
2025-06;4;10;102300
2025-06;4;11;104200
2025-06;4;13;108000
2025-06;4;14;109800
2025-06;4;16;113600
2025-06;4;17;115400
2025-06;4;19;500600
2025-06;4;20;508400
2025-06;4;22;524100
2025-06;4;23;532000
2025-06;4;25;547700
2025-06;5;1;90400
2025-06;5;3;94100
2025-06;5;4;95900
2025-06;5;6;99600
2025-06;5;7;101400
2025-06;5;9;105000
2025-06;5;10;106800
2025-06;5;12;110500
2025-06;5;13;112300
2025-06;5;15;116000
2025-06;5;16;117800
2025-06;5;18;121400
2025-06;5;19;517600
2025-06;5;21;532900
2025-06;5;22;540600
2025-06;5;24;555900
2025-06;5;25;563500
2025-06;6;2;96900
2025-06;6;3;98700
2025-06;6;5;102300
2025-06;6;6;104100
2025-06;6;8;107600
2025-06;6;9;109400
2025-06;6;11;112900
2025-06;6;12;114700
2025-06;6;14;118300
2025-06;6;15;120000
2025-06;6;17;123600
2025-06;6;18;125400
2025-06;6;20;541400
2025-06;6;21;548900
2025-06;6;23;563800
2025-06;6;24;571300
2025-06;7;1;100000
2025-06;7;2;101700
2025-06;7;4;105200
2025-06;7;5;107000
2025-06;7;7;110400
2025-06;7;8;112200
2025-06;7;10;115600
2025-06;7;11;117400
2025-06;7;13;120900
2025-06;7;14;122600
2025-06;7;16;126100
2025-06;7;17;127800
2025-06;7;19;551400
2025-06;7;20;558700
2025-06;7;22;573300
2025-06;7;23;580600
2025-06;7;25;595200
2025-06;8;1;105300
2025-06;8;3;108700
2025-06;8;4;110400
2025-06;8;6;113900
2025-06;8;7;115600
2025-06;8;9;119000
2025-06;8;10;120700
2025-06;8;12;124100
2025-06;8;13;125800
2025-06;8;15;129300
2025-06;8;16;131000
2025-06;8;18;134400
2025-06;8;19;571700
2025-06;8;21;586100
2025-06;8;22;593300
2025-06;8;24;607700
2025-06;8;25;614900
2025-06;9;2;113100
2025-06;9;3;114800
2025-06;9;5;118200
2025-06;9;6;119900
2025-06;9;8;123300
2025-06;9;9;125000
2025-06;9;11;128400
2025-06;9;12;130100
2025-06;9;14;133500
2025-06;9;15;135200
2025-06;9;17;138600
2025-06;9;18;140300
2025-06;9;20;603600
2025-06;9;21;610800
2025-06;9;23;625100
2025-06;9;24;632200
2025-06;10;1;118500
2025-06;10;2;120200
2025-06;10;4;123600
2025-06;10;5;125300
2025-06;10;7;128800
2025-06;10;8;130500
2025-06;10;10;133900
2025-06;10;11;135600
2025-06;10;13;139000
2025-06;10;14;140700
2025-06;10;16;144100
2025-06;10;17;145800
2025-06;10;19;626800
2025-06;10;20;634000
2025-06;10;22;648400
2025-06;10;23;655500
2025-06;10;25;669900
2025-06;11;1;126800
2025-06;11;3;130300
2025-06;11;4;132000
2025-06;11;6;135500
2025-06;11;7;137200
2025-06;11;9;140700
2025-06;11;10;142400
2025-06;11;12;145800
2025-06;11;13;147600
2025-06;11;15;151000
2025-06;11;16;152800
2025-06;11;18;156200
2025-06;11;19;663400
2025-06;11;21;677900
2025-06;11;22;685200
2025-06;11;24;699700
2025-06;11;25;707000
2025-06;12;2;138100
2025-06;12;3;139900
2025-06;12;5;143400
2025-06;12;6;145200
2025-06;12;8;148700
2025-06;12;9;150500
2025-06;12;11;154000
2025-06;12;12;155700
2025-06;12;14;159300
2025-06;12;15;161000
2025-06;12;17;164600
2025-06;12;18;166300
2025-06;12;20;713400
2025-06;12;21;720800
2025-06;12;23;735700
2025-06;12;24;743100
2025-06;13;1;146900
2025-06;13;2;148700
2025-06;13;4;152300
2025-06;13;5;154100
2025-06;13;7;157700
2025-06;13;8;159600
2025-06;13;10;163200
2025-06;13;11;165000
2025-06;13;13;168600
2025-06;13;14;170400
2025-06;13;16;174000
2025-06;13;17;175800
2025-06;13;19;753700
2025-06;13;20;761300
2025-06;13;22;776500
2025-06;13;23;784100
2025-06;13;25;799300
2025-06;14;1;158200
2025-06;14;3;161900
2025-06;14;4;163800
2025-06;14;6;167500
2025-06;14;7;169300
2025-06;14;9;173000
2025-06;14;10;174900
2025-06;14;12;178600
2025-06;14;13;180500
2025-06;14;15;184200
2025-06;14;16;186000
2025-06;14;18;189800
2025-06;14;19;804800
2025-06;14;21;820400
2025-06;14;22;828200
2025-06;14;24;843800
2025-06;14;25;851600
2025-06;15;2;171700
2025-06;15;3;173600
2025-06;15;5;177400
2025-06;15;6;179300
2025-06;15;8;183100
2025-06;15;9;185000
2025-06;15;11;188800
2025-06;15;12;190700
2025-06;15;14;194600
2025-06;15;15;196500
2025-06;15;17;200300
2025-06;15;18;202200
2025-06;15;20;865100
2025-06;15;21;873100
2025-06;15;23;889200
2025-06;15;24;897200
2025-07;1;1;68700
2025-07;1;3;72600
2025-07;1;4;74600
2025-07;1;6;78500
2025-07;1;7;80400
2025-07;1;9;84400
2025-07;1;10;86300
2025-07;1;12;90200
2025-07;1;13;92200
2025-07;1;15;96100
2025-07;1;16;98100
2025-07;1;18;102000
2025-07;1;19;436500
2025-07;1;21;453000
2025-07;1;22;461200
2025-07;1;24;477600
2025-07;1;25;485800
2025-07;2;2;76800
2025-07;2;3;78700
2025-07;2;5;82600
2025-07;2;6;84500
2025-07;2;8;88300
2025-07;2;9;90200
2025-07;2;11;94100
2025-07;2;12;96000
2025-07;2;14;99800
2025-07;2;15;101700
2025-07;2;17;105600
2025-07;2;18;107500
2025-07;2;20;467600
2025-07;2;21;475600
2025-07;2;23;491700
2025-07;2;24;499800
2025-07;3;1;80400
2025-07;3;2;82300
2025-07;3;4;86100
2025-07;3;5;87900
2025-07;3;7;91700
2025-07;3;8;93500
2025-07;3;10;97300
2025-07;3;11;99200
2025-07;3;13;102900
2025-07;3;14;104800
2025-07;3;16;108500
2025-07;3;17;110400
2025-07;3;19;479300
2025-07;3;20;487200
2025-07;3;22;502900
2025-07;3;23;510800
2025-07;3;25;526500
2025-07;4;1;85500
2025-07;4;3;89200
2025-07;4;4;91000
2025-07;4;6;94600
2025-07;4;7;96500
2025-07;4;9;100100
2025-07;4;10;101900
2025-07;4;12;105600
2025-07;4;13;107400
2025-07;4;15;111000
2025-07;4;16;112900
2025-07;4;18;116500
2025-07;4;19;496900
2025-07;4;21;512200
2025-07;4;22;519900
2025-07;4;24;535200
2025-07;4;25;542800
2025-07;5;2;92200
2025-07;5;3;93900
2025-07;5;5;97500
2025-07;5;6;99300
2025-07;5;8;102800
2025-07;5;9;104600
2025-07;5;11;108100
2025-07;5;12;109900
2025-07;5;14;113500
2025-07;5;15;115200
2025-07;5;17;118800
2025-07;5;18;120600
2025-07;5;20;521300
2025-07;5;21;528700
2025-07;5;23;543700
2025-07;5;24;551100
2025-07;6;1;95300
2025-07;6;2;97000
2025-07;6;4;100500
2025-07;6;5;102300
2025-07;6;7;105700
2025-07;6;8;107500
2025-07;6;10;110900
2025-07;6;11;112700
2025-07;6;13;116200
2025-07;6;14;117900
2025-07;6;16;121400
2025-07;6;17;123100
2025-07;6;19;531700
2025-07;6;20;539000
2025-07;6;22;553600
2025-07;6;23;560900
2025-07;6;25;575500
2025-07;7;1;100700
2025-07;7;3;104100
2025-07;7;4;105800
2025-07;7;6;109200
2025-07;7;7;110900
2025-07;7;9;114400
2025-07;7;10;116100
2025-07;7;12;119500
2025-07;7;13;121200
2025-07;7;15;124600
2025-07;7;16;126400
2025-07;7;18;129800
2025-07;7;19;552300
2025-07;7;21;566700
2025-07;7;22;573800
2025-07;7;24;588200
2025-07;7;25;595400
2025-07;8;2;108500
2025-07;8;3;110200
2025-07;8;5;113600
2025-07;8;6;115300
2025-07;8;8;118700
2025-07;8;9;120400
2025-07;8;11;123800
2025-07;8;12;125500
2025-07;8;14;128900
2025-07;8;15;130600
2025-07;8;17;134000
2025-07;8;18;135700
2025-07;8;20;584300
2025-07;8;21;591400
2025-07;8;23;605700
2025-07;8;24;612900
2025-07;9;1;113900
2025-07;9;2;115600
2025-07;9;4;119000
2025-07;9;5;120700
2025-07;9;7;124100
2025-07;9;8;125800
2025-07;9;10;129300
2025-07;9;11;131000
2025-07;9;13;134400
2025-07;9;14;136100
2025-07;9;16;139500
2025-07;9;17;141200
2025-07;9;19;607500
2025-07;9;20;614600
2025-07;9;22;629000
2025-07;9;23;636200
2025-07;9;25;650500
2025-07;10;1;122100
2025-07;10;3;125600
2025-07;10;4;127300
2025-07;10;6;130800
2025-07;10;7;132500
2025-07;10;9;136000
2025-07;10;10;137700
2025-07;10;12;141200
2025-07;10;13;142900
2025-07;10;15;146400
2025-07;10;16;148100
2025-07;10;18;151600
2025-07;10;19;643800
2025-07;10;21;658300
2025-07;10;22;665600
2025-07;10;24;680100
2025-07;10;25;687400
2025-07;11;2;133300
2025-07;11;3;135100
2025-07;11;5;138600
2025-07;11;6;140400
2025-07;11;8;143900
2025-07;11;9;145700
2025-07;11;11;149200
2025-07;11;12;151000
2025-07;11;14;154500
2025-07;11;15;156300
2025-07;11;17;159800
2025-07;11;18;161600
2025-07;11;20;693400
2025-07;11;21;700800
2025-07;11;23;715600
2025-07;11;24;723000
2025-07;12;1;142000
2025-07;12;2;143800
2025-07;12;4;147400
2025-07;12;5;149200
2025-07;12;7;152900
2025-07;12;8;154700
2025-07;12;10;158300
2025-07;12;11;160100
2025-07;12;13;163700
2025-07;12;14;165500
2025-07;12;16;169100
2025-07;12;17;170900
2025-07;12;19;733100
2025-07;12;20;740700
2025-07;12;22;755900
2025-07;12;23;763500
2025-07;12;25;778700
2025-07;13;1;153200
2025-07;13;3;156900
2025-07;13;4;158700
2025-07;13;6;162400
2025-07;13;7;164300
2025-07;13;9;168000
2025-07;13;10;169900
2025-07;13;12;173600
2025-07;13;13;175500
2025-07;13;15;179200
2025-07;13;16;181000
2025-07;13;18;184700
2025-07;13;19;783700
2025-07;13;21;799300
2025-07;13;22;807100
2025-07;13;24;822700
2025-07;13;25;830500
2025-07;14;2;166500
2025-07;14;3;168400
2025-07;14;5;172300
2025-07;14;6;174200
2025-07;14;8;178000
2025-07;14;9;179900
2025-07;14;11;183700
2025-07;14;12;185600
2025-07;14;14;189400
2025-07;14;15;191300
2025-07;14;17;195100
2025-07;14;18;197000
2025-07;14;20;843500
2025-07;14;21;851500
2025-07;14;23;867500
2025-07;14;24;875500
2025-07;15;1;175900
2025-07;15;2;177900
2025-07;15;4;181800
2025-07;15;5;183700
2025-07;15;7;187600
2025-07;15;8;189600
2025-07;15;10;193500
2025-07;15;11;195400
2025-07;15;13;199300
2025-07;15;14;201200
2025-07;15;16;205100
2025-07;15;17;207100
2025-07;15;19;886100
2025-07;15;20;894300
2025-07;15;22;910700
2025-07;15;23;918900
2025-07;15;25;935200
2025-08;1;2;71600
2025-08;1;3;73500
2025-08;1;5;77400
2025-08;1;6;79300
2025-08;1;8;83100
2025-08;1;9;85100
2025-08;1;11;88900
2025-08;1;12;90800
2025-08;1;14;94600
2025-08;1;15;96600
2025-08;1;17;100400
2025-08;1;18;102300
2025-08;1;20;445800
2025-08;1;21;453900
2025-08;1;23;470000
2025-08;1;24;478000
2025-08;2;1;75400
2025-08;2;2;77300
2025-08;2;4;81000
2025-08;2;5;82900
2025-08;2;7;86600
2025-08;2;8;88500
2025-08;2;10;92200
2025-08;2;11;94100
2025-08;2;13;97800
2025-08;2;14;99700
2025-08;2;16;103500
2025-08;2;17;105300
2025-08;2;19;458100
2025-08;2;20;465900
2025-08;2;22;481700
2025-08;2;23;489500
2025-08;2;25;505200
2025-08;3;1;80600
2025-08;3;3;84200
2025-08;3;4;86100
2025-08;3;6;89700
2025-08;3;7;91500
2025-08;3;9;95200
2025-08;3;10;97000
2025-08;3;12;100600
2025-08;3;13;102500
2025-08;3;15;106100
2025-08;3;16;107900
2025-08;3;18;111600
2025-08;3;19;476300
2025-08;3;21;491600
2025-08;3;22;499200
2025-08;3;24;514500
2025-08;3;25;522200
2025-08;4;2;87400
2025-08;4;3;89100
2025-08;4;5;92700
2025-08;4;6;94500
2025-08;4;8;98000
2025-08;4;9;99800
2025-08;4;11;103300
2025-08;4;12;105100
2025-08;4;14;108700
2025-08;4;15;110400
2025-08;4;17;114000
2025-08;4;18;115800
2025-08;4;20;501100
2025-08;4;21;508600
2025-08;4;23;523500
2025-08;4;24;531000
2025-08;5;1;90600
2025-08;5;2;92300
2025-08;5;4;95800
2025-08;5;5;97600
2025-08;5;7;101000
2025-08;5;8;102800
2025-08;5;10;106300
2025-08;5;11;108000
2025-08;5;13;111500
2025-08;5;14;113200
2025-08;5;16;116700
2025-08;5;17;118400
2025-08;5;19;512000
2025-08;5;20;519300
2025-08;5;22;533900
2025-08;5;23;541200
2025-08;5;25;555800
2025-08;6;1;96000
2025-08;6;3;99500
2025-08;6;4;101200
2025-08;6;6;104600
2025-08;6;7;106300
2025-08;6;9;109700
2025-08;6;10;111500
2025-08;6;12;114900
2025-08;6;13;116600
2025-08;6;15;120000
2025-08;6;16;121700
2025-08;6;18;125200
2025-08;6;19;532800
2025-08;6;21;547200
2025-08;6;22;554400
2025-08;6;24;568800
2025-08;6;25;576000
2025-08;7;2;103900
2025-08;7;3;105600
2025-08;7;5;109000
2025-08;7;6;110700
2025-08;7;8;114100
2025-08;7;9;115800
2025-08;7;11;119200
2025-08;7;12;120900
2025-08;7;14;124300
2025-08;7;15;126000
2025-08;7;17;129400
2025-08;7;18;131100
2025-08;7;20;565000
2025-08;7;21;572100
2025-08;7;23;586400
2025-08;7;24;593600
2025-08;8;1;109300
2025-08;8;2;111000
2025-08;8;4;114400
2025-08;8;5;116100
2025-08;8;7;119500
2025-08;8;8;121200
2025-08;8;10;124600
2025-08;8;11;126400
2025-08;8;13;129800
2025-08;8;14;131500
2025-08;8;16;134900
2025-08;8;17;136600
2025-08;8;19;588100
2025-08;8;20;595200
2025-08;8;22;609600
2025-08;8;23;616800
2025-08;8;25;631100
2025-08;9;1;117500
2025-08;9;3;120900
2025-08;9;4;122700
2025-08;9;6;126100
2025-08;9;7;127900
2025-08;9;9;131300
2025-08;9;10;133000
2025-08;9;12;136500
2025-08;9;13;138200
2025-08;9;15;141700
2025-08;9;16;143400
2025-08;9;18;146900
2025-08;9;19;624200
2025-08;9;21;638700
2025-08;9;22;645900
2025-08;9;24;660500
2025-08;9;25;667700
2025-08;10;2;128600
2025-08;10;3;130300
2025-08;10;5;133900
2025-08;10;6;135600
2025-08;10;8;139200
2025-08;10;9;140900
2025-08;10;11;144400
2025-08;10;12;146200
2025-08;10;14;149700
2025-08;10;15;151500
2025-08;10;17;155000
2025-08;10;18;156800
2025-08;10;20;673400
2025-08;10;21;680800
2025-08;10;23;695600
2025-08;10;24;703000
2025-08;11;1;137100
2025-08;11;2;138900
2025-08;11;4;142500
2025-08;11;5;144300
2025-08;11;7;148000
2025-08;11;8;149800
2025-08;11;10;153400
2025-08;11;11;155200
2025-08;11;13;158800
2025-08;11;14;160600
2025-08;11;16;164200
2025-08;11;17;166100
2025-08;11;19;712600
2025-08;11;20;720200
2025-08;11;22;735400
2025-08;11;23;743000
2025-08;11;25;758200
2025-08;12;1;148100
2025-08;12;3;151900
2025-08;12;4;153700
2025-08;12;6;157400
2025-08;12;7;159300
2025-08;12;9;163000
2025-08;12;10;164900
2025-08;12;12;168600
2025-08;12;13;170400
2025-08;12;15;174100
2025-08;12;16;176000
2025-08;12;18;179700
2025-08;12;19;762600
2025-08;12;21;778200
2025-08;12;22;786000
2025-08;12;24;801600
2025-08;12;25;809400
2025-08;13;2;161400
2025-08;13;3;163300
2025-08;13;5;167100
2025-08;13;6;169000
2025-08;13;8;172800
2025-08;13;9;174700
2025-08;13;11;178500
2025-08;13;12;180400
2025-08;13;14;184300
2025-08;13;15;186200
2025-08;13;17;190000
2025-08;13;18;191900
2025-08;13;20;821900
2025-08;13;21;829900
2025-08;13;23;845900
2025-08;13;24;853900
2025-08;14;1;170700
2025-08;14;2;172600
2025-08;14;4;176500
2025-08;14;5;178500
2025-08;14;7;182400
2025-08;14;8;184300
2025-08;14;10;188200
2025-08;14;11;190100
2025-08;14;13;194000
2025-08;14;14;196000
2025-08;14;16;199900
2025-08;14;17;201800
2025-08;14;19;864000
2025-08;14;20;872200
2025-08;14;22;888600
2025-08;14;23;896700
2025-08;14;25;913100
2025-08;15;1;181200
2025-08;15;3;185200
2025-08;15;4;187100
2025-08;15;6;191100
2025-08;15;7;193100
2025-08;15;9;197000
2025-08;15;10;199000
2025-08;15;12;203000
2025-08;15;13;205000
2025-08;15;15;208900
2025-08;15;16;210900
2025-08;15;18;214800
2025-08;15;19;910600
2025-08;15;21;927300
2025-08;15;22;935600
2025-08;15;24;952200
2025-08;15;25;960500
2025-09;1;1;70300
2025-09;1;2;72200
2025-09;1;4;75900
2025-09;1;5;77800
2025-09;1;7;81600
2025-09;1;8;83400
2025-09;1;10;87200
2025-09;1;11;89000
2025-09;1;13;92800
2025-09;1;14;94700
2025-09;1;16;98400
2025-09;1;17;100300
2025-09;1;19;436800
2025-09;1;20;444700
2025-09;1;22;460400
2025-09;1;23;468300
2025-09;1;25;484000
2025-09;2;1;75700
2025-09;2;3;79300
2025-09;2;4;81100
2025-09;2;6;84800
2025-09;2;7;86600
2025-09;2;9;90300
2025-09;2;10;92100
2025-09;2;12;95700
2025-09;2;13;97500
2025-09;2;15;101200
2025-09;2;16;103000
2025-09;2;18;106600
2025-09;2;19;455600
2025-09;2;21;470900
2025-09;2;22;478500
2025-09;2;24;493800
2025-09;2;25;501500
2025-09;3;2;82600
2025-09;3;3;84300
2025-09;3;5;87900
2025-09;3;6;89700
2025-09;3;8;93200
2025-09;3;9;95000
2025-09;3;11;98500
2025-09;3;12;100300
2025-09;3;14;103900
2025-09;3;15;105600
2025-09;3;17;109200
2025-09;3;18;111000
2025-09;3;20;481000
2025-09;3;21;488400
2025-09;3;23;503300
2025-09;3;24;510800
2025-09;4;1;85900
2025-09;4;2;87700
2025-09;4;4;91100
2025-09;4;5;92900
2025-09;4;7;96300
2025-09;4;8;98100
2025-09;4;10;101600
2025-09;4;11;103300
2025-09;4;13;106800
2025-09;4;14;108500
2025-09;4;16;112000
2025-09;4;17;113700
2025-09;4;19;492200
2025-09;4;20;499500
2025-09;4;22;514100
2025-09;4;23;521400
2025-09;4;25;536000
2025-09;5;1;91400
2025-09;5;3;94800
2025-09;5;4;96500
2025-09;5;6;100000
2025-09;5;7;101700
2025-09;5;9;105100
2025-09;5;10;106800
2025-09;5;12;110200
2025-09;5;13;112000
2025-09;5;15;115400
2025-09;5;16;117100
2025-09;5;18;120500
2025-09;5;19;513400
2025-09;5;21;527800
2025-09;5;22;535000
2025-09;5;24;549400
2025-09;5;25;556500
2025-09;6;2;99300
2025-09;6;3;101000
2025-09;6;5;104400
2025-09;6;6;106100
2025-09;6;8;109500
2025-09;6;9;111200
2025-09;6;11;114600
2025-09;6;12;116300
2025-09;6;14;119700
2025-09;6;15;121400
2025-09;6;17;124800
2025-09;6;18;126500
2025-09;6;20;545600
2025-09;6;21;552800
2025-09;6;23;567100
2025-09;6;24;574200
2025-09;7;1;104700
2025-09;7;2;106400
2025-09;7;4;109800
2025-09;7;5;111500
2025-09;7;7;114900
2025-09;7;8;116600
2025-09;7;10;120000
2025-09;7;11;121700
2025-09;7;13;125200
2025-09;7;14;126900
2025-09;7;16;130300
2025-09;7;17;132000
2025-09;7;19;568700
2025-09;7;20;575900
2025-09;7;22;590200
2025-09;7;23;597400
2025-09;7;25;611700
2025-09;8;1;112800
2025-09;8;3;116300
2025-09;8;4;118000
2025-09;8;6;121400
2025-09;8;7;123200
2025-09;8;9;126600
2025-09;8;10;128400
2025-09;8;12;131800
2025-09;8;13;133600
2025-09;8;15;137000
2025-09;8;16;138700
2025-09;8;18;142200
2025-09;8;19;604500
2025-09;8;21;619000
2025-09;8;22;626300
2025-09;8;24;640800
2025-09;8;25;648100
2025-09;9;2;123800
2025-09;9;3;125600
2025-09;9;5;129100
2025-09;9;6;130900
2025-09;9;8;134400
2025-09;9;9;136100
2025-09;9;11;139700
2025-09;9;12;141400
2025-09;9;14;145000
2025-09;9;15;146700
2025-09;9;17;150300
2025-09;9;18;152000
2025-09;9;20;653300
2025-09;9;21;660700
2025-09;9;23;675600
2025-09;9;24;683000
2025-09;10;1;132200
2025-09;10;2;134000
2025-09;10;4;137700
2025-09;10;5;139500
2025-09;10;7;143100
2025-09;10;8;144900
2025-09;10;10;148500
2025-09;10;11;150300
2025-09;10;13;153900
2025-09;10;14;155700
2025-09;10;16;159400
2025-09;10;17;161200
2025-09;10;19;692100
2025-09;10;20;699700
2025-09;10;22;714900
2025-09;10;23;722500
2025-09;10;25;737700
2025-09;11;1;143100
2025-09;11;3;146800
2025-09;11;4;148700
2025-09;11;6;152400
2025-09;11;7;154300
2025-09;11;9;158000
2025-09;11;10;159800
2025-09;11;12;163600
2025-09;11;13;165400
2025-09;11;15;169100
2025-09;11;16;171000
2025-09;11;18;174700
2025-09;11;19;741500
2025-09;11;21;757100
2025-09;11;22;764900
2025-09;11;24;780500
2025-09;11;25;788300
2025-09;12;2;156200
2025-09;12;3;158100
2025-09;12;5;162000
2025-09;12;6;163900
2025-09;12;8;167700
2025-09;12;9;169600
2025-09;12;11;173400
2025-09;12;12;175300
2025-09;12;14;179100
2025-09;12;15;181000
2025-09;12;17;184800
2025-09;12;18;186700
2025-09;12;20;800300
2025-09;12;21;808300
2025-09;12;23;824300
2025-09;12;24;832300
2025-09;13;1;165400
2025-09;13;2;167400
2025-09;13;4;171300
2025-09;13;5;173200
2025-09;13;7;177100
2025-09;13;8;179000
2025-09;13;10;182900
2025-09;13;11;184900
2025-09;13;13;188800
2025-09;13;14;190700
2025-09;13;16;194600
2025-09;13;17;196600
2025-09;13;19;841900
2025-09;13;20;850100
2025-09;13;22;866500
2025-09;13;23;874600
2025-09;13;25;891000
2025-09;14;1;175900
2025-09;14;3;179800
2025-09;14;4;181800
2025-09;14;6;185800
2025-09;14;7;187700
2025-09;14;9;191700
2025-09;14;10;193700
2025-09;14;12;197600
2025-09;14;13;199600
2025-09;14;15;203600
2025-09;14;16;205500
2025-09;14;18;209500
2025-09;14;19;888200
2025-09;14;21;904800
2025-09;14;22;913100
2025-09;14;24;929700
2025-09;14;25;938000
2025-09;15;2;187200
2025-09;15;3;189200
2025-09;15;5;193200
2025-09;15;6;195200
2025-09;15;8;199200
2025-09;15;9;201200
2025-09;15;11;205200
2025-09;15;12;207200
2025-09;15;14;211200
2025-09;15;15;213200
2025-09;15;17;217200
2025-09;15;18;219200
2025-09;15;20;937300
2025-09;15;21;945700
2025-09;15;23;962400
2025-09;15;24;970800
2025-10;1;1;70800
2025-10;1;3;74400
2025-10;1;4;76200
2025-10;1;6;79900
2025-10;1;7;81700
2025-10;1;9;85300
2025-10;1;10;87200
2025-10;1;12;90800
2025-10;1;13;92600
2025-10;1;15;96300
2025-10;1;16;98100
2025-10;1;18;101700
2025-10;1;19;434900
2025-10;1;21;450200
2025-10;1;22;457900
2025-10;1;24;473200
2025-10;1;25;480800
2025-10;2;2;77800
2025-10;2;3;79500
2025-10;2;5;83100
2025-10;2;6;84900
2025-10;2;8;88400
2025-10;2;9;90200
2025-10;2;11;93700
2025-10;2;12;95500
2025-10;2;14;99100
2025-10;2;15;100800
2025-10;2;17;104400
2025-10;2;18;106200
2025-10;2;20;460800
2025-10;2;21;468300
2025-10;2;23;483200
2025-10;2;24;490600
2025-10;3;1;81200
2025-10;3;2;83000
2025-10;3;4;86400
2025-10;3;5;88200
2025-10;3;7;91600
2025-10;3;8;93400
2025-10;3;10;96900
2025-10;3;11;98600
2025-10;3;13;102100
2025-10;3;14;103800
2025-10;3;16;107300
2025-10;3;17;109000
2025-10;3;19;472500
2025-10;3;20;479800
2025-10;3;22;494400
2025-10;3;23;501700
2025-10;3;25;516300
2025-10;4;1;86800
2025-10;4;3;90200
2025-10;4;4;91900
2025-10;4;6;95300
2025-10;4;7;97100
2025-10;4;9;100500
2025-10;4;10;102200
2025-10;4;12;105600
2025-10;4;13;107300
2025-10;4;15;110800
2025-10;4;16;112500
2025-10;4;18;115900
2025-10;4;19;494000
2025-10;4;21;508300
2025-10;4;22;515500
2025-10;4;24;529900
2025-10;4;25;537100
2025-10;5;2;94700
2025-10;5;3;96400
2025-10;5;5;99800
2025-10;5;6;101500
2025-10;5;8;104900
2025-10;5;9;106600
2025-10;5;11;110000
2025-10;5;12;111700
2025-10;5;14;115100
2025-10;5;15;116800
2025-10;5;17;120200
2025-10;5;18;121900
2025-10;5;20;526300
2025-10;5;21;533500
2025-10;5;23;547800
2025-10;5;24;554900
2025-10;6;1;100000
2025-10;6;2;101700
2025-10;6;4;105200
2025-10;6;5;106900
2025-10;6;7;110300
2025-10;6;8;112000
2025-10;6;10;115400
2025-10;6;11;117100
2025-10;6;13;120500
2025-10;6;14;122200
2025-10;6;16;125700
2025-10;6;17;127400
2025-10;6;19;549300
2025-10;6;20;556500
2025-10;6;22;570800
2025-10;6;23;578000
2025-10;6;25;592300
2025-10;7;1;108100
2025-10;7;3;111600
2025-10;7;4;113300
2025-10;7;6;116800
2025-10;7;7;118500
2025-10;7;9;122000
2025-10;7;10;123700
2025-10;7;12;127200
2025-10;7;13;128900
2025-10;7;15;132300
2025-10;7;16;134100
2025-10;7;18;137500
2025-10;7;19;584900
2025-10;7;21;599400
2025-10;7;22;606700
2025-10;7;24;621200
2025-10;7;25;628500
2025-10;8;2;119000
2025-10;8;3;120800
2025-10;8;5;124300
2025-10;8;6;126100
2025-10;8;8;129600
2025-10;8;9;131400
2025-10;8;11;134900
2025-10;8;12;136700
2025-10;8;14;140200
2025-10;8;15;142000
2025-10;8;17;145500
2025-10;8;18;147300
2025-10;8;20;633300
2025-10;8;21;640700
2025-10;8;23;655500
2025-10;8;24;662900
2025-10;9;1;127300
2025-10;9;2;129100
2025-10;9;4;132800
2025-10;9;5;134600
2025-10;9;7;138200
2025-10;9;8;140000
2025-10;9;10;143600
2025-10;9;11;145400
2025-10;9;13;149000
2025-10;9;14;150900
2025-10;9;16;154500
2025-10;9;17;156300
2025-10;9;19;671600
2025-10;9;20;679200
2025-10;9;22;694300
2025-10;9;23;701900
2025-10;9;25;717100
2025-10;10;1;138100
2025-10;10;3;141800
2025-10;10;4;143700
2025-10;10;6;147400
2025-10;10;7;149200
2025-10;10;9;153000
2025-10;10;10;154800
2025-10;10;12;158500
2025-10;10;13;160400
2025-10;10;15;164100
2025-10;10;16;166000
2025-10;10;18;169700
2025-10;10;19;720400
2025-10;10;21;736000
2025-10;10;22;743900
2025-10;10;24;759500
2025-10;10;25;767300
2025-10;11;2;151100
2025-10;11;3;153000
2025-10;11;5;156800
2025-10;11;6;158700
2025-10;11;8;162500
2025-10;11;9;164400
2025-10;11;11;168200
2025-10;11;12;170100
2025-10;11;14;174000
2025-10;11;15;175900
2025-10;11;17;179700
2025-10;11;18;181600
2025-10;11;20;778600
2025-10;11;21;786600
2025-10;11;23;802600
2025-10;11;24;810600
2025-10;12;1;160100
2025-10;12;2;162100
2025-10;12;4;166000
2025-10;12;5;167900
2025-10;12;7;171800
2025-10;12;8;173800
2025-10;12;10;177700
2025-10;12;11;179600
2025-10;12;13;183500
2025-10;12;14;185500
2025-10;12;16;189400
2025-10;12;17;191300
2025-10;12;19;819800
2025-10;12;20;828000
2025-10;12;22;844400
2025-10;12;23;852500
2025-10;12;25;868900
2025-10;13;1;170500
2025-10;13;3;174500
2025-10;13;4;176500
2025-10;13;6;180400
2025-10;13;7;182400
2025-10;13;9;186300
2025-10;13;10;188300
2025-10;13;12;192300
2025-10;13;13;194300
2025-10;13;15;198200
2025-10;13;16;200200
2025-10;13;18;204100
2025-10;13;19;865700
2025-10;13;21;882400
2025-10;13;22;890700
2025-10;13;24;907300
2025-10;13;25;915600
2025-10;14;2;181900
2025-10;14;3;183800
2025-10;14;5;187800
2025-10;14;6;189800
2025-10;14;8;193800
2025-10;14;9;195800
2025-10;14;11;199800
2025-10;14;12;201800
2025-10;14;14;205800
2025-10;14;15;207800
2025-10;14;17;211800
2025-10;14;18;213800
2025-10;14;20;914600
2025-10;14;21;923000
2025-10;14;23;939800
2025-10;14;24;948200
2025-10;15;1;187800
2025-10;15;2;189800
2025-10;15;4;193800
2025-10;15;5;195800
2025-10;15;7;199800
2025-10;15;8;201800
2025-10;15;10;205800
2025-10;15;11;207800
2025-10;15;13;211800
2025-10;15;14;213800
2025-10;15;16;217800
2025-10;15;17;219800
2025-10;15;19;939800
2025-10;15;20;948200
2025-10;15;22;965000
2025-10;15;23;973300
2025-10;15;25;990100
2025-11;1;2;73000
2025-11;1;3;74700
2025-11;1;5;78300
2025-11;1;6;80100
2025-11;1;8;83600
2025-11;1;9;85400
2025-11;1;11;88900
2025-11;1;12;90700
2025-11;1;14;94300
2025-11;1;15;96000
2025-11;1;17;99600
2025-11;1;18;101400
2025-11;1;20;440700
2025-11;1;21;448100
2025-11;1;23;463000
2025-11;1;24;470500
2025-11;2;1;76500
2025-11;2;2;78300
2025-11;2;4;81700
2025-11;2;5;83500
2025-11;2;7;86900
2025-11;2;8;88700
2025-11;2;10;92200
2025-11;2;11;93900
2025-11;2;13;97400
2025-11;2;14;99100
2025-11;2;16;102600
2025-11;2;17;104300
2025-11;2;19;452800
2025-11;2;20;460100
2025-11;2;22;474700
2025-11;2;23;482000
2025-11;2;25;496600
2025-11;3;1;82200
2025-11;3;3;85600
2025-11;3;4;87300
2025-11;3;6;90700
2025-11;3;7;92400
2025-11;3;9;95900
2025-11;3;10;97600
2025-11;3;12;101000
2025-11;3;13;102700
2025-11;3;15;106100
2025-11;3;16;107800
2025-11;3;18;111300
2025-11;3;19;474500
2025-11;3;21;488900
2025-11;3;22;496100
2025-11;3;24;510500
2025-11;3;25;517700
2025-11;4;2;90100
2025-11;4;3;91800
2025-11;4;5;95200
2025-11;4;6;96900
2025-11;4;8;100300
2025-11;4;9;102000
2025-11;4;11;105400
2025-11;4;12;107100
2025-11;4;14;110500
2025-11;4;15;112200
2025-11;4;17;115600
2025-11;4;18;117300
2025-11;4;20;507000
2025-11;4;21;514200
2025-11;4;23;528500
2025-11;4;24;535600
2025-11;5;1;95400
2025-11;5;2;97100
2025-11;5;4;100500
2025-11;5;5;102300
2025-11;5;7;105700
2025-11;5;8;107400
2025-11;5;10;110800
2025-11;5;11;112500
2025-11;5;13;115900
2025-11;5;14;117600
2025-11;5;16;121000
2025-11;5;17;122800
2025-11;5;19;529900
2025-11;5;20;537100
2025-11;5;22;551400
2025-11;5;23;558600
2025-11;5;25;572900
2025-11;6;1;103500
2025-11;6;3;106900
2025-11;6;4;108600
2025-11;6;6;112100
2025-11;6;7;113800
2025-11;6;9;117300
2025-11;6;10;119000
2025-11;6;12;122500
2025-11;6;13;124200
2025-11;6;15;127700
2025-11;6;16;129400
2025-11;6;18;132900
2025-11;6;19;565300
2025-11;6;21;579800
2025-11;6;22;587000
2025-11;6;24;601600
2025-11;6;25;608800
2025-11;7;2;114300
2025-11;7;3;116000
2025-11;7;5;119600
2025-11;7;6;121300
2025-11;7;8;124800
2025-11;7;9;126600
2025-11;7;11;130100
2025-11;7;12;131900
2025-11;7;14;135400
2025-11;7;15;137200
2025-11;7;17;140700
2025-11;7;18;142500
2025-11;7;20;613300
2025-11;7;21;620700
2025-11;7;23;635500
2025-11;7;24;642900
2025-11;8;1;122500
2025-11;8;2;124300
2025-11;8;4;127900
2025-11;8;5;129700
2025-11;8;7;133300
2025-11;8;8;135100
2025-11;8;10;138700
2025-11;8;11;140500
2025-11;8;13;144200
2025-11;8;14;146000
2025-11;8;16;149600
2025-11;8;17;151400
2025-11;8;19;651000
2025-11;8;20;658600
2025-11;8;22;673800
2025-11;8;23;681400
2025-11;8;25;696600
2025-11;9;1;133100
2025-11;9;3;136800
2025-11;9;4;138700
2025-11;9;6;142400
2025-11;9;7;144200
2025-11;9;9;147900
2025-11;9;10;149800
2025-11;9;12;153500
2025-11;9;13;155400
2025-11;9;15;159100
2025-11;9;16;160900
2025-11;9;18;164700
2025-11;9;19;699400
2025-11;9;21;715000
2025-11;9;22;722800
2025-11;9;24;738400
2025-11;9;25;746200
2025-11;10;2;145900
2025-11;10;3;147800
2025-11;10;5;151700
2025-11;10;6;153600
2025-11;10;8;157400
2025-11;10;9;159300
2025-11;10;11;163100
2025-11;10;12;165000
2025-11;10;14;168800
2025-11;10;15;170700
2025-11;10;17;174500
2025-11;10;18;176400
2025-11;10;20;757000
2025-11;10;21;765000
2025-11;10;23;781000
2025-11;10;24;789000
2025-11;11;1;154900
2025-11;11;2;156800
2025-11;11;4;160700
2025-11;11;5;162700
2025-11;11;7;166600
2025-11;11;8;168500
2025-11;11;10;172400
2025-11;11;11;174400
2025-11;11;13;178300
2025-11;11;14;180200
2025-11;11;16;184100
2025-11;11;17;186000
2025-11;11;19;797700
2025-11;11;20;805900
2025-11;11;22;822300
2025-11;11;23;830400
2025-11;11;25;846800
2025-11;12;1;165200
2025-11;12;3;169100
2025-11;12;4;171100
2025-11;12;6;175100
2025-11;12;7;177000
2025-11;12;9;181000
2025-11;12;10;183000
2025-11;12;12;186900
2025-11;12;13;188900
2025-11;12;15;192900
2025-11;12;16;194800
2025-11;12;18;198800
2025-11;12;19;843300
2025-11;12;21;859900
2025-11;12;22;868200
2025-11;12;24;884800
2025-11;12;25;893100
2025-11;13;2;176500
2025-11;13;3;178500
2025-11;13;5;182400
2025-11;13;6;184400
2025-11;13;8;188400
2025-11;13;9;190400
2025-11;13;11;194400
2025-11;13;12;196400
2025-11;13;14;200400
2025-11;13;15;202400
2025-11;13;17;206400
2025-11;13;18;208400
2025-11;13;20;892000
2025-11;13;21;900400
2025-11;13;23;917100
2025-11;13;24;925500
2025-11;14;1;182400
2025-11;14;2;184400
2025-11;14;4;188400
2025-11;14;5;190400
2025-11;14;7;194400
2025-11;14;8;196400
2025-11;14;10;200400
2025-11;14;11;202400
2025-11;14;13;206400
2025-11;14;14;208400
2025-11;14;16;212400
2025-11;14;17;214400
2025-11;14;19;917100
2025-11;14;20;925500
2025-11;14;22;942300
2025-11;14;23;950700
2025-11;14;25;967400
2025-11;15;1;188900
2025-11;15;3;192800
2025-11;15;4;194800
2025-11;15;6;198800
2025-11;15;7;200800
2025-11;15;9;204700
2025-11;15;10;206700
2025-11;15;12;210700
2025-11;15;13;212600
2025-11;15;15;216600
2025-11;15;16;218600
2025-11;15;18;222600
2025-11;15;19;943000
2025-11;15;21;959700
2025-11;15;22;968000
2025-11;15;24;984600
2025-11;15;25;993000
2025-12;1;1;71800
2025-12;1;2;73600
2025-12;1;4;77000
2025-12;1;5;78800
2025-12;1;7;82200
2025-12;1;8;84000
2025-12;1;10;87500
2025-12;1;11;89200
2025-12;1;13;92700
2025-12;1;14;94400
2025-12;1;16;97900
2025-12;1;17;99600
2025-12;1;19;433000
2025-12;1;20;440300
2025-12;1;22;454900
2025-12;1;23;462200
2025-12;1;25;476800
2025-12;2;1;77500
2025-12;2;3;81000
2025-12;2;4;82700
2025-12;2;6;86100
2025-12;2;7;87800
2025-12;2;9;91200
2025-12;2;10;92900
2025-12;2;12;96400
2025-12;2;13;98100
2025-12;2;15;101500
2025-12;2;16;103200
2025-12;2;18;106600
2025-12;2;19;455100
2025-12;2;21;469500
2025-12;2;22;476700
2025-12;2;24;491000
2025-12;2;25;498200
2025-12;3;2;85500
2025-12;3;3;87200
2025-12;3;5;90600
2025-12;3;6;92300
2025-12;3;8;95700
2025-12;3;9;97400
2025-12;3;11;100800
2025-12;3;12;102500
2025-12;3;14;105900
2025-12;3;15;107600
2025-12;3;17;111000
2025-12;3;18;112700
2025-12;3;20;487700
2025-12;3;21;494800
2025-12;3;23;509100
2025-12;3;24;516300
2025-12;4;1;90800
2025-12;4;2;92500
2025-12;4;4;95900
2025-12;4;5;97600
2025-12;4;7;101100
2025-12;4;8;102800
2025-12;4;10;106200
2025-12;4;11;107900
2025-12;4;13;111300
2025-12;4;14;113000
2025-12;4;16;116400
2025-12;4;17;118100
2025-12;4;19;510500
2025-12;4;20;517700
2025-12;4;22;532000
2025-12;4;23;539200
2025-12;4;25;553600
2025-12;5;1;98800
2025-12;5;3;102200
2025-12;5;4;104000
2025-12;5;6;107400
2025-12;5;7;109200
2025-12;5;9;112600
2025-12;5;10;114300
2025-12;5;12;117800
2025-12;5;13;119500
2025-12;5;15;123000
2025-12;5;16;124700
2025-12;5;18;128200
2025-12;5;19;545600
2025-12;5;21;560100
2025-12;5;22;567400
2025-12;5;24;581900
2025-12;5;25;589200
2025-12;6;2;109500
2025-12;6;3;111300
2025-12;6;5;114800
2025-12;6;6;116500
2025-12;6;8;120100
2025-12;6;9;121800
2025-12;6;11;125400
2025-12;6;12;127100
2025-12;6;14;130700
2025-12;6;15;132400
2025-12;6;17;136000
2025-12;6;18;137700
2025-12;6;20;593200
2025-12;6;21;600700
2025-12;6;23;615500
2025-12;6;24;622900
2025-12;7;1;117600
2025-12;7;2;119400
2025-12;7;4;123000
2025-12;7;5;124800
2025-12;7;7;128400
2025-12;7;8;130200
2025-12;7;10;133800
2025-12;7;11;135600
2025-12;7;13;139300
2025-12;7;14;141100
2025-12;7;16;144700
2025-12;7;17;146500
2025-12;7;19;630500
2025-12;7;20;638100
2025-12;7;22;653300
2025-12;7;23;660900
2025-12;7;25;676100
2025-12;8;1;128100
2025-12;8;3;131800
2025-12;8;4;133600
2025-12;8;6;137300
2025-12;8;7;139200
2025-12;8;9;142900
2025-12;8;10;144800
2025-12;8;12;148500
2025-12;8;13;150400
2025-12;8;15;154100
2025-12;8;16;155900
2025-12;8;18;159600
2025-12;8;19;678300
2025-12;8;21;693900
2025-12;8;22;701700
2025-12;8;24;717300
2025-12;8;25;725100
2025-12;9;2;140800
2025-12;9;3;142700
2025-12;9;5;146500
2025-12;9;6;148400
2025-12;9;8;152200
2025-12;9;9;154100
2025-12;9;11;157900
2025-12;9;12;159800
2025-12;9;14;163700
2025-12;9;15;165600
2025-12;9;17;169400
2025-12;9;18;171300
2025-12;9;20;735400
2025-12;9;21;743400
2025-12;9;23;759400
2025-12;9;24;767400
2025-12;10;1;149600
2025-12;10;2;151600
2025-12;10;4;155500
2025-12;10;5;157400
2025-12;10;7;161300
2025-12;10;8;163300
2025-12;10;10;167100
2025-12;10;11;169100
2025-12;10;13;173000
2025-12;10;14;174900
2025-12;10;16;178800
2025-12;10;17;180800
2025-12;10;19;775600
2025-12;10;20;783800
2025-12;10;22;800200
2025-12;10;23;808300
2025-12;10;25;824700
2025-12;11;1;159800
2025-12;11;3;163800
2025-12;11;4;165800
2025-12;11;6;169700
2025-12;11;7;171700
2025-12;11;9;175600
2025-12;11;10;177600
2025-12;11;12;181600
2025-12;11;13;183600
2025-12;11;15;187500
2025-12;11;16;189500
2025-12;11;18;193500
2025-12;11;19;820800
2025-12;11;21;837400
2025-12;11;22;845700
2025-12;11;24;862400
2025-12;11;25;870700
2025-12;12;2;171100
2025-12;12;3;173100
2025-12;12;5;177100
2025-12;12;6;179000
2025-12;12;8;183000
2025-12;12;9;185000
2025-12;12;11;189000
2025-12;12;12;191000
2025-12;12;14;195000
2025-12;12;15;197000
2025-12;12;17;201000
2025-12;12;18;203000
2025-12;12;20;869300
2025-12;12;21;877700
2025-12;12;23;894500
2025-12;12;24;902900
2025-12;13;1;177000
2025-12;13;2;179000
2025-12;13;4;183000
2025-12;13;5;185000
2025-12;13;7;189000
2025-12;13;8;191000
2025-12;13;10;195000
2025-12;13;11;197000
2025-12;13;13;201000
2025-12;13;14;203000
2025-12;13;16;207000
2025-12;13;17;209000
2025-12;13;19;894500
2025-12;13;20;902900
2025-12;13;22;919600
2025-12;13;23;928000
2025-12;13;25;944800
2025-12;14;1;183500
2025-12;14;3;187500
2025-12;14;4;189500
2025-12;14;6;193400
2025-12;14;7;195400
2025-12;14;9;199400
2025-12;14;10;201300
2025-12;14;12;205300
2025-12;14;13;207300
2025-12;14;15;211300
2025-12;14;16;213200
2025-12;14;18;217200
2025-12;14;19;920500
2025-12;14;21;937200
2025-12;14;22;945500
2025-12;14;24;962200
2025-12;14;25;970500
2025-12;15;2;190400
2025-12;15;3;192400
2025-12;15;5;196300
2025-12;15;6;198200
2025-12;15;8;202100
2025-12;15;9;204100
2025-12;15;11;208000
2025-12;15;12;209900
2025-12;15;14;213800
2025-12;15;15;215800
2025-12;15;17;219700
2025-12;15;18;221700
2025-12;15;20;947400
2025-12;15;21;955500
2025-12;15;23;971900
2025-12;15;24;980100
2026-01;1;1;47300
2026-01;1;3;50800
2026-01;1;4;52500
2026-01;1;6;55900
2026-01;1;7;57600
2026-01;1;9;61000
2026-01;1;10;62800
2026-01;1;12;66200
2026-01;1;13;67900
2026-01;1;15;71300
2026-01;1;16;73000
2026-01;1;18;76500
2026-01;1;19;328300
2026-01;1;21;342700
2026-01;1;22;349900
2026-01;1;24;364300
2026-01;1;25;371500
2026-01;2;2;55500
2026-01;2;3;57200
2026-01;2;5;60600
2026-01;2;6;62300
2026-01;2;8;65700
2026-01;2;9;67400
2026-01;2;11;70800
2026-01;2;12;72500
2026-01;2;14;75900
2026-01;2;15;77600
2026-01;2;17;81000
2026-01;2;18;82700
2026-01;2;20;361700
2026-01;2;21;368900
2026-01;2;23;383200
2026-01;2;24;390300
2026-01;3;1;60700
2026-01;3;2;62400
2026-01;3;4;65800
2026-01;3;5;67500
2026-01;3;7;71000
2026-01;3;8;72700
2026-01;3;10;76100
2026-01;3;11;77800
2026-01;3;13;81200
2026-01;3;14;82900
2026-01;3;16;86300
2026-01;3;17;88000
2026-01;3;19;384100
2026-01;3;20;391300
2026-01;3;22;405600
2026-01;3;23;412800
2026-01;3;25;427100
2026-01;4;1;68300
2026-01;4;3;71800
2026-01;4;4;73500
2026-01;4;6;76900
2026-01;4;7;78700
2026-01;4;9;82100
2026-01;4;10;83900
2026-01;4;12;87300
2026-01;4;13;89100
2026-01;4;15;92500
2026-01;4;16;94200
2026-01;4;18;97700
2026-01;4;19;417600
2026-01;4;21;432100
2026-01;4;22;439400
2026-01;4;24;453900
2026-01;4;25;461200
2026-01;5;2;78400
2026-01;5;3;80200
2026-01;5;5;83700
2026-01;5;6;85500
2026-01;5;8;89000
2026-01;5;9;90700
2026-01;5;11;94300
2026-01;5;12;96000
2026-01;5;14;99600
2026-01;5;15;101300
2026-01;5;17;104900
2026-01;5;18;106600
2026-01;5;20;462700
2026-01;5;21;470100
2026-01;5;23;484900
2026-01;5;24;492300
2026-01;6;1;85700
2026-01;6;2;87500
2026-01;6;4;91100
2026-01;6;5;92900
2026-01;6;7;96500
2026-01;6;8;98400
2026-01;6;10;102000
2026-01;6;11;103800
2026-01;6;13;107400
2026-01;6;14;109200
2026-01;6;16;112800
2026-01;6;17;114600
2026-01;6;19;496600
2026-01;6;20;504200
2026-01;6;22;519400
2026-01;6;23;527000
2026-01;6;25;542200
2026-01;7;1;95300
2026-01;7;3;99000
2026-01;7;4;100900
2026-01;7;6;104600
2026-01;7;7;106500
2026-01;7;9;110200
2026-01;7;10;112000
2026-01;7;12;115800
2026-01;7;13;117600
2026-01;7;15;121300
2026-01;7;16;123200
2026-01;7;18;126900
2026-01;7;19;540800
2026-01;7;21;556400
2026-01;7;22;564200
2026-01;7;24;579800
2026-01;7;25;587600
2026-01;8;2;107200
2026-01;8;3;109100
2026-01;8;5;112900
2026-01;8;6;114800
2026-01;8;8;118600
2026-01;8;9;120600
2026-01;8;11;124400
2026-01;8;12;126300
2026-01;8;14;130100
2026-01;8;15;132000
2026-01;8;17;135800
2026-01;8;18;137700
2026-01;8;20;594400
2026-01;8;21;602400
2026-01;8;23;618400
2026-01;8;24;626400
2026-01;9;1;115300
2026-01;9;2;117300
2026-01;9;4;121100
2026-01;9;5;123100
2026-01;9;7;127000
2026-01;9;8;128900
2026-01;9;10;132800
2026-01;9;11;134800
2026-01;9;13;138700
2026-01;9;14;140600
2026-01;9;16;144500
2026-01;9;17;146500
2026-01;9;19;631500
2026-01;9;20;639700
2026-01;9;22;656000
2026-01;9;23;664200
2026-01;9;25;680600
2026-01;10;1;125000
2026-01;10;3;128900
2026-01;10;4;130900
2026-01;10;6;134900
2026-01;10;7;136800
2026-01;10;9;140800
2026-01;10;10;142800
2026-01;10;12;146700
2026-01;10;13;148700
2026-01;10;15;152700
2026-01;10;16;154600
2026-01;10;18;158600
2026-01;10;19;674400
2026-01;10;21;691000
2026-01;10;22;699300
2026-01;10;24;715900
2026-01;10;25;724300
2026-01;11;2;135900
2026-01;11;3;137900
2026-01;11;5;141900
2026-01;11;6;143900
2026-01;11;8;147900
2026-01;11;9;149900
2026-01;11;11;153900
2026-01;11;12;155900
2026-01;11;14;159800
2026-01;11;15;161800
2026-01;11;17;165800
2026-01;11;18;167800
2026-01;11;20;721600
2026-01;11;21;730000
2026-01;11;23;746800
2026-01;11;24;755200
2026-01;12;1;141900
2026-01;12;2;143900
2026-01;12;4;147800
2026-01;12;5;149800
2026-01;12;7;153800
2026-01;12;8;155800
2026-01;12;10;159800
2026-01;12;11;161800
2026-01;12;13;165800
2026-01;12;14;167800
2026-01;12;16;171800
2026-01;12;17;173800
2026-01;12;19;746700
2026-01;12;20;755100
2026-01;12;22;771900
2026-01;12;23;780300
2026-01;12;25;797000
2026-01;13;1;148600
2026-01;13;3;152600
2026-01;13;4;154500
2026-01;13;6;158500
2026-01;13;7;160500
2026-01;13;9;164400
2026-01;13;10;166400
2026-01;13;12;170400
2026-01;13;13;172400
2026-01;13;15;176300
2026-01;13;16;178300
2026-01;13;18;182300
2026-01;13;19;773900
2026-01;13;21;790500
2026-01;13;22;798900
2026-01;13;24;815500
2026-01;13;25;823800
2026-01;14;2;156000
2026-01;14;3;158000
2026-01;14;5;161900
2026-01;14;6;163800
2026-01;14;8;167700
2026-01;14;9;169700
2026-01;14;11;173600
2026-01;14;12;175600
2026-01;14;14;179500
2026-01;14;15;181400
2026-01;14;17;185300
2026-01;14;18;187300
2026-01;14;20;802900
2026-01;14;21;811100
2026-01;14;23;827500
2026-01;14;24;835700
2026-01;15;1;158400
2026-01;15;2;160300
2026-01;15;4;164100
2026-01;15;5;166000
2026-01;15;7;169900
2026-01;15;8;171800
2026-01;15;10;175600
2026-01;15;11;177500
2026-01;15;13;181300
2026-01;15;14;183200
2026-01;15;16;187100
2026-01;15;17;189000
2026-01;15;19;809800
2026-01;15;20;817800
2026-01;15;22;833900
2026-01;15;23;841900
2026-01;15;25;857900
2026-02;1;2;50900
2026-02;1;3;52600
2026-02;1;5;56000
2026-02;1;6;57700
2026-02;1;8;61100
2026-02;1;9;62800
2026-02;1;11;66200
2026-02;1;12;67900
2026-02;1;14;71300
2026-02;1;15;73000
2026-02;1;17;76400
2026-02;1;18;78100
2026-02;1;20;342400
2026-02;1;21;349500
2026-02;1;23;363800
2026-02;1;24;371000
2026-02;2;1;56100
2026-02;2;2;57800
2026-02;2;4;61200
2026-02;2;5;62900
2026-02;2;7;66300
2026-02;2;8;68000
2026-02;2;10;71500
2026-02;2;11;73200
2026-02;2;13;76600
2026-02;2;14;78300
2026-02;2;16;81700
2026-02;2;17;83400
2026-02;2;19;364700
2026-02;2;20;371900
2026-02;2;22;386200
2026-02;2;23;393400
2026-02;2;25;407800
2026-02;3;1;63600
2026-02;3;3;67100
2026-02;3;4;68800
2026-02;3;6;72300
2026-02;3;7;74000
2026-02;3;9;77500
2026-02;3;10;79200
2026-02;3;12;82600
2026-02;3;13;84400
2026-02;3;15;87800
2026-02;3;16;89600
2026-02;3;18;93000
2026-02;3;19;398000
2026-02;3;21;412500
2026-02;3;22;419800
2026-02;3;24;434300
2026-02;3;25;441600
2026-02;4;2;73600
2026-02;4;3;75400
2026-02;4;5;78900
2026-02;4;6;80700
2026-02;4;8;84200
2026-02;4;9;86000
2026-02;4;11;89500
2026-02;4;12;91300
2026-02;4;14;94800
2026-02;4;15;96600
2026-02;4;17;100100
2026-02;4;18;101900
2026-02;4;20;442600
2026-02;4;21;450000
2026-02;4;23;464900
2026-02;4;24;472300
2026-02;5;1;80800
2026-02;5;2;82600
2026-02;5;4;86200
2026-02;5;5;88000
2026-02;5;7;91700
2026-02;5;8;93500
2026-02;5;10;97100
2026-02;5;11;98900
2026-02;5;13;102500
2026-02;5;14;104300
2026-02;5;16;107900
2026-02;5;17;109700
2026-02;5;19;476100
2026-02;5;20;483700
2026-02;5;22;498900
2026-02;5;23;506500
2026-02;5;25;521700
2026-02;6;1;90300
2026-02;6;3;94000
2026-02;6;4;95900
2026-02;6;6;99600
2026-02;6;7;101500
2026-02;6;9;105200
2026-02;6;10;107000
2026-02;6;12;110700
2026-02;6;13;112600
2026-02;6;15;116300
2026-02;6;16;118200
2026-02;6;18;121900
2026-02;6;19;519700
2026-02;6;21;535300
2026-02;6;22;543100
2026-02;6;24;558700
2026-02;6;25;566500
2026-02;7;2;102100
2026-02;7;3;104000
2026-02;7;5;107800
2026-02;7;6;109700
2026-02;7;8;113500
2026-02;7;9;115400
2026-02;7;11;119200
2026-02;7;12;121100
2026-02;7;14;124900
2026-02;7;15;126800
2026-02;7;17;130600
2026-02;7;18;132600
2026-02;7;20;572700
2026-02;7;21;580700
2026-02;7;23;596700
2026-02;7;24;604700
2026-02;8;1;110000
2026-02;8;2;112000
2026-02;8;4;115900
2026-02;8;5;117800
2026-02;8;7;121700
2026-02;8;8;123700
2026-02;8;10;127600
2026-02;8;11;129500
2026-02;8;13;133400
2026-02;8;14;135400
2026-02;8;16;139300
2026-02;8;17;141200
2026-02;8;19;609400
2026-02;8;20;617600
2026-02;8;22;633900
2026-02;8;23;642100
2026-02;8;25;658500
2026-02;9;1;119600
2026-02;9;3;123600
2026-02;9;4;125500
2026-02;9;6;129500
2026-02;9;7;131500
2026-02;9;9;135400
2026-02;9;10;137400
2026-02;9;12;141400
2026-02;9;13;143400
2026-02;9;15;147300
2026-02;9;16;149300
2026-02;9;18;153200
2026-02;9;19;651900
2026-02;9;21;668600
2026-02;9;22;676900
2026-02;9;24;693500
2026-02;9;25;701800
2026-02;10;2;130500
2026-02;10;3;132500
2026-02;10;5;136500
2026-02;10;6;138500
2026-02;10;8;142500
2026-02;10;9;144500
2026-02;10;11;148500
2026-02;10;12;150500
2026-02;10;14;154500
2026-02;10;15;156500
2026-02;10;17;160400
2026-02;10;18;162400
2026-02;10;20;699000
2026-02;10;21;707400
2026-02;10;23;724100
2026-02;10;24;732500
2026-02;11;1;136500
2026-02;11;2;138500
2026-02;11;4;142400
2026-02;11;5;144400
2026-02;11;7;148400
2026-02;11;8;150400
2026-02;11;10;154400
2026-02;11;11;156400
2026-02;11;13;160400
2026-02;11;14;162400
2026-02;11;16;166400
2026-02;11;17;168400
2026-02;11;19;724100
2026-02;11;20;732400
2026-02;11;22;749200
2026-02;11;23;757600
2026-02;11;25;774400
2026-02;12;1;143200
2026-02;12;3;147200
2026-02;12;4;149200
2026-02;12;6;153200
2026-02;12;7;155100
2026-02;12;9;159100
2026-02;12;10;161100
2026-02;12;12;165000
2026-02;12;13;167000
2026-02;12;15;171000
2026-02;12;16;173000
2026-02;12;18;176900
2026-02;12;19;751400
2026-02;12;21;768100
2026-02;12;22;776400
2026-02;12;24;793000
2026-02;12;25;801300
2026-02;13;2;150800
2026-02;13;3;152700
2026-02;13;5;156600
2026-02;13;6;158600
2026-02;13;8;162500
2026-02;13;9;164400
2026-02;13;11;168300
2026-02;13;12;170300
2026-02;13;14;174200
2026-02;13;15;176100
2026-02;13;17;180000
2026-02;13;18;182000
2026-02;13;20;780700
2026-02;13;21;788900
2026-02;13;23;805300
2026-02;13;24;813500
2026-02;14;1;153200
2026-02;14;2;155200
2026-02;14;4;159000
2026-02;14;5;160900
2026-02;14;7;164700
2026-02;14;8;166600
2026-02;14;10;170400
2026-02;14;11;172400
2026-02;14;13;176200
2026-02;14;14;178100
2026-02;14;16;181900
2026-02;14;17;183800
2026-02;14;19;788100
2026-02;14;20;796100
2026-02;14;22;812200
2026-02;14;23;820200
2026-02;14;25;836200
2026-02;15;1;156800
2026-02;15;3;160500
2026-02;15;4;162400
2026-02;15;6;166100
2026-02;15;7;168000
2026-02;15;9;171700
2026-02;15;10;173600
2026-02;15;12;177300
2026-02;15;13;179100
2026-02;15;15;182900
2026-02;15;16;184700
2026-02;15;18;188500
2026-02;15;19;799400
2026-02;15;21;815000
2026-02;15;22;822900
2026-02;15;24;838500
2026-02;15;25;846300
2026-03;1;1;51500
2026-03;1;2;53200
2026-03;1;4;56600
2026-03;1;5;58300
2026-03;1;7;61700
2026-03;1;8;63400
2026-03;1;10;66800
2026-03;1;11;68600
2026-03;1;13;72000
2026-03;1;14;73700
2026-03;1;16;77100
2026-03;1;17;78800
2026-03;1;19;345300
2026-03;1;20;352500
2026-03;1;22;366800
2026-03;1;23;374000
2026-03;1;25;388400
2026-03;2;1;58900
2026-03;2;3;62400
2026-03;2;4;64100
2026-03;2;6;67600
2026-03;2;7;69300
2026-03;2;9;72800
2026-03;2;10;74500
2026-03;2;12;78000
2026-03;2;13;79700
2026-03;2;15;83200
2026-03;2;16;84900
2026-03;2;18;88400
2026-03;2;19;378300
2026-03;2;21;392900
2026-03;2;22;400100
2026-03;2;24;414700
2026-03;2;25;421900
2026-03;3;2;68900
2026-03;3;3;70600
2026-03;3;5;74200
2026-03;3;6;75900
2026-03;3;8;79400
2026-03;3;9;81200
2026-03;3;11;84700
2026-03;3;12;86500
2026-03;3;14;90000
2026-03;3;15;91800
2026-03;3;17;95300
2026-03;3;18;97100
2026-03;3;20;422600
2026-03;3;21;430000
2026-03;3;23;444800
2026-03;3;24;452200
2026-03;4;1;75900
2026-03;4;2;77700
2026-03;4;4;81300
2026-03;4;5;83100
2026-03;4;7;86800
2026-03;4;8;88600
2026-03;4;10;92200
2026-03;4;11;94000
2026-03;4;13;97600
2026-03;4;14;99400
2026-03;4;16;103000
2026-03;4;17;104900
2026-03;4;19;455600
2026-03;4;20;463200
2026-03;4;22;478400
2026-03;4;23;486000
2026-03;4;25;501200
2026-03;5;1;85300
2026-03;5;3;89000
2026-03;5;4;90900
2026-03;5;6;94600
2026-03;5;7;96400
2026-03;5;9;100200
2026-03;5;10;102000
2026-03;5;12;105700
2026-03;5;13;107600
2026-03;5;15;111300
2026-03;5;16;113200
2026-03;5;18;116900
2026-03;5;19;498600
2026-03;5;21;514200
2026-03;5;22;522000
2026-03;5;24;537600
2026-03;5;25;545400
2026-03;6;2;96900
2026-03;6;3;98800
2026-03;6;5;102600
2026-03;6;6;104500
2026-03;6;8;108300
2026-03;6;9;110300
2026-03;6;11;114100
2026-03;6;12;116000
2026-03;6;14;119800
2026-03;6;15;121700
2026-03;6;17;125500
2026-03;6;18;127400
2026-03;6;20;551100
2026-03;6;21;559100
2026-03;6;23;575100
2026-03;6;24;583100
2026-03;7;1;104800
2026-03;7;2;106700
2026-03;7;4;110600
2026-03;7;5;112600
2026-03;7;7;116500
2026-03;7;8;118400
2026-03;7;10;122300
2026-03;7;11;124300
2026-03;7;13;128100
2026-03;7;14;130100
2026-03;7;16;134000
2026-03;7;17;135900
2026-03;7;19;587300
2026-03;7;20;595500
2026-03;7;22;611800
2026-03;7;23;620000
2026-03;7;25;636400
2026-03;8;1;114300
2026-03;8;3;118200
2026-03;8;4;120200
2026-03;8;6;124200
2026-03;8;7;126100
2026-03;8;9;130100
2026-03;8;10;132100
2026-03;8;12;136000
2026-03;8;13;138000
2026-03;8;15;142000
2026-03;8;16;143900
2026-03;8;18;147900
2026-03;8;19;629500
2026-03;8;21;646100
2026-03;8;22;654400
2026-03;8;24;671000
2026-03;8;25;679300
2026-03;9;2;125100
2026-03;9;3;127100
2026-03;9;5;131100
2026-03;9;6;133100
2026-03;9;8;137100
2026-03;9;9;139100
2026-03;9;11;143100
2026-03;9;12;145100
2026-03;9;14;149100
2026-03;9;15;151100
2026-03;9;17;155000
2026-03;9;18;157000
2026-03;9;20;676300
2026-03;9;21;684700
2026-03;9;23;701500
2026-03;9;24;709900
2026-03;10;1;131100
2026-03;10;2;133100
2026-03;10;4;137100
2026-03;10;5;139000
2026-03;10;7;143000
2026-03;10;8;145000
2026-03;10;10;149000
2026-03;10;11;151000
2026-03;10;13;155000
2026-03;10;14;157000
2026-03;10;16;161000
2026-03;10;17;163000
2026-03;10;19;701400
2026-03;10;20;709800
2026-03;10;22;726500
2026-03;10;23;734900
2026-03;10;25;751700
2026-03;11;1;137900
2026-03;11;3;141900
2026-03;11;4;143800
2026-03;11;6;147800
2026-03;11;7;149800
2026-03;11;9;153700
2026-03;11;10;155700
2026-03;11;12;159700
2026-03;11;13;161700
2026-03;11;15;165600
2026-03;11;16;167600
2026-03;11;18;171600
2026-03;11;19;728900
2026-03;11;21;745600
2026-03;11;22;753900
2026-03;11;24;770500
2026-03;11;25;778900
2026-03;12;2;145500
2026-03;12;3;147400
2026-03;12;5;151300
2026-03;12;6;153300
2026-03;12;8;157200
2026-03;12;9;159100
2026-03;12;11;163100
2026-03;12;12;165000
2026-03;12;14;168900
2026-03;12;15;170900
2026-03;12;17;174800
2026-03;12;18;176700
2026-03;12;20;758600
2026-03;12;21;766800
2026-03;12;23;783200
2026-03;12;24;791400
2026-03;13;1;148100
2026-03;13;2;150000
2026-03;13;4;153800
2026-03;13;5;155700
2026-03;13;7;159500
2026-03;13;8;161500
2026-03;13;10;165300
2026-03;13;11;167200
2026-03;13;13;171000
2026-03;13;14;172900
2026-03;13;16;176700
2026-03;13;17;178700
2026-03;13;19;766400
2026-03;13;20;774400
2026-03;13;22;790500
2026-03;13;23;798500
2026-03;13;25;814500
2026-03;14;1;151800
2026-03;14;3;155500
2026-03;14;4;157300
2026-03;14;6;161100
2026-03;14;7;162900
2026-03;14;9;166700
2026-03;14;10;168500
2026-03;14;12;172200
2026-03;14;13;174100
2026-03;14;15;177800
2026-03;14;16;179700
2026-03;14;18;183400
2026-03;14;19;778200
2026-03;14;21;793900
2026-03;14;22;801700
2026-03;14;24;817400
2026-03;14;25;825200
2026-03;15;2;156700
2026-03;15;3;158600
2026-03;15;5;162200
2026-03;15;6;164000
2026-03;15;8;167600
2026-03;15;9;169400
2026-03;15;11;173100
2026-03;15;12;174900
2026-03;15;14;178500
2026-03;15;15;180300
2026-03;15;17;184000
2026-03;15;18;185800
2026-03;15;20;795500
2026-03;15;21;803100
2026-03;15;23;818300
2026-03;15;24;826000
2026-04;1;1;54300
2026-04;1;3;57700
2026-04;1;4;59500
2026-04;1;6;62900
2026-04;1;7;64700
2026-04;1;9;68100
2026-04;1;10;69800
2026-04;1;12;73300
2026-04;1;13;75000
2026-04;1;15;78500
2026-04;1;16;80200
2026-04;1;18;83700
2026-04;1;19;358700
2026-04;1;21;373200
2026-04;1;22;380500
2026-04;1;24;395000
2026-04;1;25;402300
2026-04;2;2;64100
2026-04;2;3;65900
2026-04;2;5;69400
2026-04;2;6;71100
2026-04;2;8;74700
2026-04;2;9;76400
2026-04;2;11;80000
2026-04;2;12;81700
2026-04;2;14;85300
2026-04;2;15;87000
2026-04;2;17;90600
2026-04;2;18;92300
2026-04;2;20;402600
2026-04;2;21;410000
2026-04;2;23;424800
2026-04;2;24;432200
2026-04;3;1;71000
2026-04;3;2;72800
2026-04;3;4;76500
2026-04;3;5;78300
2026-04;3;7;81900
2026-04;3;8;83700
2026-04;3;10;87300
2026-04;3;11;89100
2026-04;3;13;92700
2026-04;3;14;94500
2026-04;3;16;98200
2026-04;3;17;100000
2026-04;3;19;435000
2026-04;3;20;442600
2026-04;3;22;457800
2026-04;3;23;465400
2026-04;3;25;480600
2026-04;4;1;80300
2026-04;4;3;84000
2026-04;4;4;85800
2026-04;4;6;89600
2026-04;4;7;91400
2026-04;4;9;95100
2026-04;4;10;97000
2026-04;4;12;100700
2026-04;4;13;102600
2026-04;4;15;106300
2026-04;4;16;108100
2026-04;4;18;111800
2026-04;4;19;477600
2026-04;4;21;493200
2026-04;4;22;501000
2026-04;4;24;516600
2026-04;4;25;524400
2026-04;5;2;91800
2026-04;5;3;93700
2026-04;5;5;97500
2026-04;5;6;99400
2026-04;5;8;103200
2026-04;5;9;105100
2026-04;5;11;108900
2026-04;5;12;110800
2026-04;5;14;114600
2026-04;5;15;116500
2026-04;5;17;120300
2026-04;5;18;122300
2026-04;5;20;529500
2026-04;5;21;537500
2026-04;5;23;553500
2026-04;5;24;561500
2026-04;6;1;99500
2026-04;6;2;101500
2026-04;6;4;105400
2026-04;6;5;107300
2026-04;6;7;111200
2026-04;6;8;113200
2026-04;6;10;117000
2026-04;6;11;119000
2026-04;6;13;122900
2026-04;6;14;124800
2026-04;6;16;128700
2026-04;6;17;130700
2026-04;6;19;565200
2026-04;6;20;573400
2026-04;6;22;589700
2026-04;6;23;597900
2026-04;6;25;614300
2026-04;7;1;108900
2026-04;7;3;112900
2026-04;7;4;114900
2026-04;7;6;118800
2026-04;7;7;120800
2026-04;7;9;124700
2026-04;7;10;126700
2026-04;7;12;130700
2026-04;7;13;132700
2026-04;7;15;136600
2026-04;7;16;138600
2026-04;7;18;142600
2026-04;7;19;607000
2026-04;7;21;623600
2026-04;7;22;632000
2026-04;7;24;648600
2026-04;7;25;656900
2026-04;8;2;119700
2026-04;8;3;121700
2026-04;8;5;125700
2026-04;8;6;127700
2026-04;8;8;131700
2026-04;8;9;133700
2026-04;8;11;137700
2026-04;8;12;139700
2026-04;8;14;143700
2026-04;8;15;145700
2026-04;8;17;149700
2026-04;8;18;151700
2026-04;8;20;653700
2026-04;8;21;662100
2026-04;8;23;678800
2026-04;8;24;687200
2026-04;9;1;125700
2026-04;9;2;127700
2026-04;9;4;131700
2026-04;9;5;133700
2026-04;9;7;137600
2026-04;9;8;139600
2026-04;9;10;143600
2026-04;9;11;145600
2026-04;9;13;149600
2026-04;9;14;151600
2026-04;9;16;155600
2026-04;9;17;157600
2026-04;9;19;678700
2026-04;9;20;687100
2026-04;9;22;703900
2026-04;9;23;712300
2026-04;9;25;729000
2026-04;10;1;132500
2026-04;10;3;136500
2026-04;10;4;138500
2026-04;10;6;142400
2026-04;10;7;144400
2026-04;10;9;148400
2026-04;10;10;150400
2026-04;10;12;154300
2026-04;10;13;156300
2026-04;10;15;160300
2026-04;10;16;162300
2026-04;10;18;166200
2026-04;10;19;706400
2026-04;10;21;723100
2026-04;10;22;731400
2026-04;10;24;748000
2026-04;10;25;756400
2026-04;11;2;140200
2026-04;11;3;142200
2026-04;11;5;146100
2026-04;11;6;148000
2026-04;11;8;151900
2026-04;11;9;153900
2026-04;11;11;157800
2026-04;11;12;159700
2026-04;11;14;163600
2026-04;11;15;165600
2026-04;11;17;169500
2026-04;11;18;171400
2026-04;11;20;736400
2026-04;11;21;744600
2026-04;11;23;761000
2026-04;11;24;769200
2026-04;12;1;142900
2026-04;12;2;144800
2026-04;12;4;148600
2026-04;12;5;150600
2026-04;12;7;154400
2026-04;12;8;156300
2026-04;12;10;160100
2026-04;12;11;162000
2026-04;12;13;165800
2026-04;12;14;167800
2026-04;12;16;171600
2026-04;12;17;173500
2026-04;12;19;744700
2026-04;12;20;752700
2026-04;12;22;768800
2026-04;12;23;776800
2026-04;12;25;792900
2026-04;13;1;146700
2026-04;13;3;150400
2026-04;13;4;152300
2026-04;13;6;156000
2026-04;13;7;157900
2026-04;13;9;161600
2026-04;13;10;163500
2026-04;13;12;167200
2026-04;13;13;169100
2026-04;13;15;172800
2026-04;13;16;174700
2026-04;13;18;178400
2026-04;13;19;757100
2026-04;13;21;772700
2026-04;13;22;780600
2026-04;13;24;796200
2026-04;13;25;804000
2026-04;14;2;151800
2026-04;14;3;153600
2026-04;14;5;157300
2026-04;14;6;159100
2026-04;14;8;162700
2026-04;14;9;164500
2026-04;14;11;168200
2026-04;14;12;170000
2026-04;14;14;173600
2026-04;14;15;175400
2026-04;14;17;179100
2026-04;14;18;180900
2026-04;14;20;774900
2026-04;14;21;782500
2026-04;14;23;797700
2026-04;14;24;805400
2026-04;15;1;153300
2026-04;15;2;155000
2026-04;15;4;158600
2026-04;15;5;160400
2026-04;15;7;163900
2026-04;15;8;165700
2026-04;15;10;169200
2026-04;15;11;171000
2026-04;15;13;174500
2026-04;15;14;176300
2026-04;15;16;179800
2026-04;15;17;181600
2026-04;15;19;777500
2026-04;15;20;785000
2026-04;15;22;799800
2026-04;15;23;807300
2026-04;15;25;822100
2026-05;1;2;59300
2026-05;1;3;61100
2026-05;1;5;64600
2026-05;1;6;66400
2026-05;1;8;69900
2026-05;1;9;71700
2026-05;1;11;75200
2026-05;1;12;77000
2026-05;1;14;80500
2026-05;1;15;82300
2026-05;1;17;85800
2026-05;1;18;87600
2026-05;1;20;382500
2026-05;1;21;390000
2026-05;1;23;404800
2026-05;1;24;412200
2026-05;2;1;66100
2026-05;2;2;67900
2026-05;2;4;71600
2026-05;2;5;73400
2026-05;2;7;77000
2026-05;2;8;78800
2026-05;2;10;82400
2026-05;2;11;84200
2026-05;2;13;87800
2026-05;2;14;89700
2026-05;2;16;93300
2026-05;2;17;95100
2026-05;2;19;414500
2026-05;2;20;422100
2026-05;2;22;437300
2026-05;2;23;444900
2026-05;2;25;460100
2026-05;3;1;75300
2026-05;3;3;79000
2026-05;3;4;80800
2026-05;3;6;84500
2026-05;3;7;86400
2026-05;3;9;90100
2026-05;3;10;92000
2026-05;3;12;95700
2026-05;3;13;97500
2026-05;3;15;101300
2026-05;3;16;103100
2026-05;3;18;106800
2026-05;3;19;456500
2026-05;3;21;472100
2026-05;3;22;479900
2026-05;3;24;495500
2026-05;3;25;503300
2026-05;4;2;86600
2026-05;4;3;88500
2026-05;4;5;92300
2026-05;4;6;94200
2026-05;4;8;98000
2026-05;4;9;100000
2026-05;4;11;103800
2026-05;4;12;105700
2026-05;4;14;109500
2026-05;4;15;111400
2026-05;4;17;115200
2026-05;4;18;117100
2026-05;4;20;507800
2026-05;4;21;515800
2026-05;4;23;531800
2026-05;4;24;539800
2026-05;5;1;94300
2026-05;5;2;96200
2026-05;5;4;100100
2026-05;5;5;102000
2026-05;5;7;105900
2026-05;5;8;107900
2026-05;5;10;111800
2026-05;5;11;113700
2026-05;5;13;117600
2026-05;5;14;119600
2026-05;5;16;123500
2026-05;5;17;125400
2026-05;5;19;543100
2026-05;5;20;551300
2026-05;5;22;567600
2026-05;5;23;575800
2026-05;5;25;592200
2026-05;6;1;103600
2026-05;6;3;107500
2026-05;6;4;109500
2026-05;6;6;113500
2026-05;6;7;115400
2026-05;6;9;119400
2026-05;6;10;121400
2026-05;6;12;125300
2026-05;6;13;127300
2026-05;6;15;131300
2026-05;6;16;133200
2026-05;6;18;137200
2026-05;6;19;584600
2026-05;6;21;601200
2026-05;6;22;609500
2026-05;6;24;626100
2026-05;6;25;634400
2026-05;7;2;114300
2026-05;7;3;116300
2026-05;7;5;120300
2026-05;7;6;122300
2026-05;7;8;126300
2026-05;7;9;128300
2026-05;7;11;132300
2026-05;7;12;134300
2026-05;7;14;138300
2026-05;7;15;140300
2026-05;7;17;144300
2026-05;7;18;146300
2026-05;7;20;631000
2026-05;7;21;639400
2026-05;7;23;656200
2026-05;7;24;664600
2026-05;8;1;120300
2026-05;8;2;122300
2026-05;8;4;126300
2026-05;8;5;128300
2026-05;8;7;132200
2026-05;8;8;134200
2026-05;8;10;138200
2026-05;8;11;140200
2026-05;8;13;144200
2026-05;8;14;146200
2026-05;8;16;150200
2026-05;8;17;152200
2026-05;8;19;656100
2026-05;8;20;664500
2026-05;8;22;681200
2026-05;8;23;689600
2026-05;8;25;706400
2026-05;9;1;127200
2026-05;9;3;131100
2026-05;9;4;133100
2026-05;9;6;137100
2026-05;9;7;139100
2026-05;9;9;143000
2026-05;9;10;145000
2026-05;9;12;149000
2026-05;9;13;151000
2026-05;9;15;154900
2026-05;9;16;156900
2026-05;9;18;160900
2026-05;9;19;683900
2026-05;9;21;700600
2026-05;9;22;708900
2026-05;9;24;725500
2026-05;9;25;733900
2026-05;10;2;134900
2026-05;10;3;136900
2026-05;10;5;140800
2026-05;10;6;142700
2026-05;10;8;146600
2026-05;10;9;148600
2026-05;10;11;152500
2026-05;10;12;154500
2026-05;10;14;158400
2026-05;10;15;160300
2026-05;10;17;164200
2026-05;10;18;166200
2026-05;10;20;714300
2026-05;10;21;722500
2026-05;10;23;738900
2026-05;10;24;747100
2026-05;11;1;137700
2026-05;11;2;139700
2026-05;11;4;143500
2026-05;11;5;145400
2026-05;11;7;149200
2026-05;11;8;151100
2026-05;11;10;154900
2026-05;11;11;156900
2026-05;11;13;160700
2026-05;11;14;162600
2026-05;11;16;166400
2026-05;11;17;168300
2026-05;11;19;723000
2026-05;11;20;731000
2026-05;11;22;747100
2026-05;11;23;755100
2026-05;11;25;771200
2026-05;12;1;141700
2026-05;12;3;145400
2026-05;12;4;147300
2026-05;12;6;151000
2026-05;12;7;152900
2026-05;12;9;156600
2026-05;12;10;158400
2026-05;12;12;162200
2026-05;12;13;164000
2026-05;12;15;167800
2026-05;12;16;169600
2026-05;12;18;173400
2026-05;12;19;735900
2026-05;12;21;751600
2026-05;12;22;759400
2026-05;12;24;775100
2026-05;12;25;782900
2026-05;13;2;146900
2026-05;13;3;148700
2026-05;13;5;152400
2026-05;13;6;154200
2026-05;13;8;157800
2026-05;13;9;159600
2026-05;13;11;163300
2026-05;13;12;165100
2026-05;13;14;168700
2026-05;13;15;170500
2026-05;13;17;174100
2026-05;13;18;176000
2026-05;13;20;754300
2026-05;13;21;761900
2026-05;13;23;777100
2026-05;13;24;784800
2026-05;14;1;148500
2026-05;14;2;150300
2026-05;14;4;153800
2026-05;14;5;155600
2026-05;14;7;159100
2026-05;14;8;160900
2026-05;14;10;164400
2026-05;14;11;166200
2026-05;14;13;169700
2026-05;14;14;171500
2026-05;14;16;175000
2026-05;14;17;176800
2026-05;14;19;757400
2026-05;14;20;764900
2026-05;14;22;779700
2026-05;14;23;787200
2026-05;14;25;802000
2026-05;15;1;152300
2026-05;15;3;155800
2026-05;15;4;157500
2026-05;15;6;161000
2026-05;15;7;162700
2026-05;15;9;166200
2026-05;15;10;167900
2026-05;15;12;171400
2026-05;15;13;173100
2026-05;15;15;176600
2026-05;15;16;178300
2026-05;15;18;181800
2026-05;15;19;770700
2026-05;15;21;785200
2026-05;15;22;792500
2026-05;15;24;807100
2026-05;15;25;814400
2026-06;1;1;61200
2026-06;1;2;63100
2026-06;1;4;66700
2026-06;1;5;68500
2026-06;1;7;72100
2026-06;1;8;73900
2026-06;1;10;77500
2026-06;1;11;79300
2026-06;1;13;83000
2026-06;1;14;84800
2026-06;1;16;88400
2026-06;1;17;90200
2026-06;1;19;394000
2026-06;1;20;401600
2026-06;1;22;416800
2026-06;1;23;424400
2026-06;1;25;439600
2026-06;2;1;70200
2026-06;2;3;73900
2026-06;2;4;75800
2026-06;2;6;79500
2026-06;2;7;81400
2026-06;2;9;85100
2026-06;2;10;86900
2026-06;2;12;90700
2026-06;2;13;92500
2026-06;2;15;96200
2026-06;2;16;98100
2026-06;2;18;101800
2026-06;2;19;435400
2026-06;2;21;451000
2026-06;2;22;458800
2026-06;2;24;474400
2026-06;2;25;482200
2026-06;3;2;81500
2026-06;3;3;83400
2026-06;3;5;87200
2026-06;3;6;89100
2026-06;3;8;92900
2026-06;3;9;94800
2026-06;3;11;98600
2026-06;3;12;100500
2026-06;3;14;104300
2026-06;3;15;106200
2026-06;3;17;110000
2026-06;3;18;112000
2026-06;3;20;486200
2026-06;3;21;494200
2026-06;3;23;510200
2026-06;3;24;518200
2026-06;4;1;89000
2026-06;4;2;90900
2026-06;4;4;94800
2026-06;4;5;96800
2026-06;4;7;100700
2026-06;4;8;102600
2026-06;4;10;106500
2026-06;4;11;108500
2026-06;4;13;112400
2026-06;4;14;114300
2026-06;4;16;118200
2026-06;4;17;120100
2026-06;4;19;521000
2026-06;4;20;529200
2026-06;4;22;545500
2026-06;4;23;553700
2026-06;4;25;570100
2026-06;5;1;98200
2026-06;5;3;102200
2026-06;5;4;104200
2026-06;5;6;108100
2026-06;5;7;110100
2026-06;5;9;114100
2026-06;5;10;116000
2026-06;5;12;120000
2026-06;5;13;122000
2026-06;5;15;125900
2026-06;5;16;127900
2026-06;5;18;131900
2026-06;5;19;562100
2026-06;5;21;578700
2026-06;5;22;587000
2026-06;5;24;603700
2026-06;5;25;612000
2026-06;6;2;108900
2026-06;6;3;110900
2026-06;6;5;114900
2026-06;6;6;116900
2026-06;6;8;120900
2026-06;6;9;122900
2026-06;6;11;126900
2026-06;6;12;128900
2026-06;6;14;132900
2026-06;6;15;134900
2026-06;6;17;138900
2026-06;6;18;140900
2026-06;6;20;608400
2026-06;6;21;616800
2026-06;6;23;633500
2026-06;6;24;641900
2026-06;7;1;114900
2026-06;7;2;116900
2026-06;7;4;120900
2026-06;7;5;122900
2026-06;7;7;126900
2026-06;7;8;128900
2026-06;7;10;132800
2026-06;7;11;134800
2026-06;7;13;138800
2026-06;7;14;140800
2026-06;7;16;144800
2026-06;7;17;146800
2026-06;7;19;633400
2026-06;7;20;641800
2026-06;7;22;658600
2026-06;7;23;666900
2026-06;7;25;683700
2026-06;8;1;121800
2026-06;8;3;125800
2026-06;8;4;127800
2026-06;8;6;131700
2026-06;8;7;133700
2026-06;8;9;137700
2026-06;8;10;139700
2026-06;8;12;143600
2026-06;8;13;145600
2026-06;8;15;149600
2026-06;8;16;151500
2026-06;8;18;155500
2026-06;8;19;661500
2026-06;8;21;678100
2026-06;8;22;686400
2026-06;8;24;703100
2026-06;8;25;711400
2026-06;9;2;129700
2026-06;9;3;131600
2026-06;9;5;135500
2026-06;9;6;137500
2026-06;9;8;141400
2026-06;9;9;143300
2026-06;9;11;147200
2026-06;9;12;149200
2026-06;9;14;153100
2026-06;9;15;155000
2026-06;9;17;158900
2026-06;9;18;160900
2026-06;9;20;692100
2026-06;9;21;700300
2026-06;9;23;716700
2026-06;9;24;724900
2026-06;10;1;132600
2026-06;10;2;134500
2026-06;10;4;138300
2026-06;10;5;140200
2026-06;10;7;144000
2026-06;10;8;146000
2026-06;10;10;149800
2026-06;10;11;151700
2026-06;10;13;155500
2026-06;10;14;157400
2026-06;10;16;161200
2026-06;10;17;163200
2026-06;10;19;701300
2026-06;10;20;709300
2026-06;10;22;725400
2026-06;10;23;733400
2026-06;10;25;749500
2026-06;11;1;136600
2026-06;11;3;140400
2026-06;11;4;142200
2026-06;11;6;146000
2026-06;11;7;147800
2026-06;11;9;151500
2026-06;11;10;153400
2026-06;11;12;157100
2026-06;11;13;159000
2026-06;11;15;162700
2026-06;11;16;164600
2026-06;11;18;168300
2026-06;11;19;714800
2026-06;11;21;730400
2026-06;11;22;738300
2026-06;11;24;753900
2026-06;11;25;761700
2026-06;12;2;142000
2026-06;12;3;143800
2026-06;12;5;147500
2026-06;12;6;149300
2026-06;12;8;152900
2026-06;12;9;154700
2026-06;12;11;158400
2026-06;12;12;160200
2026-06;12;14;163800
2026-06;12;15;165600
2026-06;12;17;169200
2026-06;12;18;171100
2026-06;12;20;733700
2026-06;12;21;741300
2026-06;12;23;756500
2026-06;12;24;764200
2026-06;13;1;143700
2026-06;13;2;145500
2026-06;13;4;149000
2026-06;13;5;150800
2026-06;13;7;154300
2026-06;13;8;156100
2026-06;13;10;159600
2026-06;13;11;161400
2026-06;13;13;164900
2026-06;13;14;166700
2026-06;13;16;170300
2026-06;13;17;172000
2026-06;13;19;737400
2026-06;13;20;744800
2026-06;13;22;759700
2026-06;13;23;767100
2026-06;13;25;781900
2026-06;14;1;147600
2026-06;14;3;151100
2026-06;14;4;152800
2026-06;14;6;156300
2026-06;14;7;158000
2026-06;14;9;161500
2026-06;14;10;163200
2026-06;14;12;166700
2026-06;14;13;168400
2026-06;14;15;171900
2026-06;14;16;173600
2026-06;14;18;177100
2026-06;14;19;751000
2026-06;14;21;765600
2026-06;14;22;772800
2026-06;14;24;787400
2026-06;14;25;794700
2026-06;15;2;154100
2026-06;15;3;155800
2026-06;15;5;159200
2026-06;15;6;160900
2026-06;15;8;164300
2026-06;15;9;166000
2026-06;15;11;169500
2026-06;15;12;171200
2026-06;15;14;174600
2026-06;15;15;176300
2026-06;15;17;179700
2026-06;15;18;181400
2026-06;15;20;776400
2026-06;15;21;783600
2026-06;15;23;797900
2026-06;15;24;805100
2026-07;1;1;65200
2026-07;1;3;68900
2026-07;1;4;70800
2026-07;1;6;74500
2026-07;1;7;76400
2026-07;1;9;80100
2026-07;1;10;81900
2026-07;1;12;85600
2026-07;1;13;87500
2026-07;1;15;91200
2026-07;1;16;93100
2026-07;1;18;96800
2026-07;1;19;414300
2026-07;1;21;429900
2026-07;1;22;437700
2026-07;1;24;453300
2026-07;1;25;461100
2026-07;2;2;76300
2026-07;2;3;78200
2026-07;2;5;82000
2026-07;2;6;83900
2026-07;2;8;87800
2026-07;2;9;89700
2026-07;2;11;93500
2026-07;2;12;95400
2026-07;2;14;99200
2026-07;2;15;101100
2026-07;2;17;104900
2026-07;2;18;106800
2026-07;2;20;464600
2026-07;2;21;472600
2026-07;2;23;488600
2026-07;2;24;496600
2026-07;3;1;83700
2026-07;3;2;85700
2026-07;3;4;89600
2026-07;3;5;91500
2026-07;3;7;95400
2026-07;3;8;97400
2026-07;3;10;101300
2026-07;3;11;103200
2026-07;3;13;107100
2026-07;3;14;109000
2026-07;3;16;112900
2026-07;3;17;114900
2026-07;3;19;498900
2026-07;3;20;507100
2026-07;3;22;523400
2026-07;3;23;531600
2026-07;3;25;548000
2026-07;4;1;92900
2026-07;4;3;96800
2026-07;4;4;98800
2026-07;4;6;102800
2026-07;4;7;104700
2026-07;4;9;108700
2026-07;4;10;110700
2026-07;4;12;114600
2026-07;4;13;116600
2026-07;4;15;120600
2026-07;4;16;122600
2026-07;4;18;126500
2026-07;4;19;539700
2026-07;4;21;556300
2026-07;4;22;564600
2026-07;4;24;581200
2026-07;4;25;589500
2026-07;5;2;103500
2026-07;5;3;105500
2026-07;5;5;109500
2026-07;5;6;111500
2026-07;5;8;115500
2026-07;5;9;117500
2026-07;5;11;121500
2026-07;5;12;123500
2026-07;5;14;127500
2026-07;5;15;129500
2026-07;5;17;133500
2026-07;5;18;135500
2026-07;5;20;585700
2026-07;5;21;594100
2026-07;5;23;610900
2026-07;5;24;619300
2026-07;6;1;109500
2026-07;6;2;111500
2026-07;6;4;115500
2026-07;6;5;117500
2026-07;6;7;121500
2026-07;6;8;123500
2026-07;6;10;127400
2026-07;6;11;129400
2026-07;6;13;133400
2026-07;6;14;135400
2026-07;6;16;139400
2026-07;6;17;141400
2026-07;6;19;610700
2026-07;6;20;619100
2026-07;6;22;635900
2026-07;6;23;644300
2026-07;6;25;661100
2026-07;7;1;116500
2026-07;7;3;120400
2026-07;7;4;122400
2026-07;7;6;126400
2026-07;7;7;128400
2026-07;7;9;132300
2026-07;7;10;134300
2026-07;7;12;138300
2026-07;7;13;140200
2026-07;7;15;144200
2026-07;7;16;146200
2026-07;7;18;150200
2026-07;7;19;639000
2026-07;7;21;655600
2026-07;7;22;663900
2026-07;7;24;680600
2026-07;7;25;688900
2026-07;8;2;124400
2026-07;8;3;126300
2026-07;8;5;130200
2026-07;8;6;132200
2026-07;8;8;136100
2026-07;8;9;138000
2026-07;8;11;142000
2026-07;8;12;143900
2026-07;8;14;147800
2026-07;8;15;149800
2026-07;8;17;153700
2026-07;8;18;155600
2026-07;8;20;670000
2026-07;8;21;678200
2026-07;8;23;694600
2026-07;8;24;702800
2026-07;9;1;127400
2026-07;9;2;129300
2026-07;9;4;133100
2026-07;9;5;135100
2026-07;9;7;138900
2026-07;9;8;140800
2026-07;9;10;144600
2026-07;9;11;146500
2026-07;9;13;150300
2026-07;9;14;152300
2026-07;9;16;156100
2026-07;9;17;158000
2026-07;9;19;679600
2026-07;9;20;687600
2026-07;9;22;703700
2026-07;9;23;711700
2026-07;9;25;727800
2026-07;10;1;131600
2026-07;10;3;135300
2026-07;10;4;137200
2026-07;10;6;140900
2026-07;10;7;142800
2026-07;10;9;146500
2026-07;10;10;148400
2026-07;10;12;152100
2026-07;10;13;154000
2026-07;10;15;157700
2026-07;10;16;159600
2026-07;10;18;163300
2026-07;10;19;693600
2026-07;10;21;709300
2026-07;10;22;717100
2026-07;10;24;732800
2026-07;10;25;740600
2026-07;11;2;137100
2026-07;11;3;138900
2026-07;11;5;142600
2026-07;11;6;144400
2026-07;11;8;148000
2026-07;11;9;149800
2026-07;11;11;153500
2026-07;11;12;155300
2026-07;11;14;158900
2026-07;11;15;160700
2026-07;11;17;164300
2026-07;11;18;166200
2026-07;11;20;713100
2026-07;11;21;720700
2026-07;11;23;736000
2026-07;11;24;743600
2026-07;12;1;138900
2026-07;12;2;140700
2026-07;12;4;144200
2026-07;12;5;146000
2026-07;12;7;149500
2026-07;12;8;151300
2026-07;12;10;154900
2026-07;12;11;156600
2026-07;12;13;160200
2026-07;12;14;161900
2026-07;12;16;165500
2026-07;12;17;167200
2026-07;12;19;717300
2026-07;12;20;724700
2026-07;12;22;739600
2026-07;12;23;747000
2026-07;12;25;761900
2026-07;13;1;142900
2026-07;13;3;146400
2026-07;13;4;148100
2026-07;13;6;151600
2026-07;13;7;153300
2026-07;13;9;156800
2026-07;13;10;158500
2026-07;13;12;162000
2026-07;13;13;163700
2026-07;13;15;167200
2026-07;13;16;168900
2026-07;13;18;172400
2026-07;13;19;731300
2026-07;13;21;745900
2026-07;13;22;753200
2026-07;13;24;767700
2026-07;13;25;775000
2026-07;14;2;149500
2026-07;14;3;151200
2026-07;14;5;154600
2026-07;14;6;156300
2026-07;14;8;159700
2026-07;14;9;161400
2026-07;14;11;164800
2026-07;14;12;166600
2026-07;14;14;170000
2026-07;14;15;171700
2026-07;14;17;175100
2026-07;14;18;176800
2026-07;14;20;757000
2026-07;14;21;764200
2026-07;14;23;778500
2026-07;14;24;785700
2026-07;15;1;153800
2026-07;15;2;155500
2026-07;15;4;158900
2026-07;15;5;160600
2026-07;15;7;164000
2026-07;15;8;165700
2026-07;15;10;169100
2026-07;15;11;170800
2026-07;15;13;174200
2026-07;15;14;175900
2026-07;15;16;179300
2026-07;15;17;181000
2026-07;15;19;774500
2026-07;15;20;781700
2026-07;15;22;796000
2026-07;15;23;803100
2026-07;15;25;817400
2026-08;1;2;71200
2026-08;1;3;73100
2026-08;1;5;76900
2026-08;1;6;78800
2026-08;1;8;82600
2026-08;1;9;84500
2026-08;1;11;88300
2026-08;1;12;90200
2026-08;1;14;94000
2026-08;1;15;95900
2026-08;1;17;99700
2026-08;1;18;101700
2026-08;1;20;443000
2026-08;1;21;451000
2026-08;1;23;467000
2026-08;1;24;475000
2026-08;2;1;78500
2026-08;2;2;80400
2026-08;2;4;84300
2026-08;2;5;86300
2026-08;2;7;90200
2026-08;2;8;92100
2026-08;2;10;96000
2026-08;2;11;97900
2026-08;2;13;101800
2026-08;2;14;103800
2026-08;2;16;107700
2026-08;2;17;109600
2026-08;2;19;476800
2026-08;2;20;485000
2026-08;2;22;501300
2026-08;2;23;509500
2026-08;2;25;525800
2026-08;3;1;87500
2026-08;3;3;91500
2026-08;3;4;93500
2026-08;3;6;97400
2026-08;3;7;99400
2026-08;3;9;103400
2026-08;3;10;105300
2026-08;3;12;109300
2026-08;3;13;111300
2026-08;3;15;115200
2026-08;3;16;117200
2026-08;3;18;121200
2026-08;3;19;517200
2026-08;3;21;533800
2026-08;3;22;542100
2026-08;3;24;558700
2026-08;3;25;567000
2026-08;4;2;98200
2026-08;4;3;100100
2026-08;4;5;104100
2026-08;4;6;106100
2026-08;4;8;110100
2026-08;4;9;112100
2026-08;4;11;116100
2026-08;4;12;118100
2026-08;4;14;122100
2026-08;4;15;124100
2026-08;4;17;128100
2026-08;4;18;130100
2026-08;4;20;563100
2026-08;4;21;571500
2026-08;4;23;588200
2026-08;4;24;596600
2026-08;5;1;104100
2026-08;5;2;106100
2026-08;5;4;110100
2026-08;5;5;112100
2026-08;5;7;116100
2026-08;5;8;118100
2026-08;5;10;122100
2026-08;5;11;124000
2026-08;5;13;128000
2026-08;5;14;130000
2026-08;5;16;134000
2026-08;5;17;136000
2026-08;5;19;588100
2026-08;5;20;596500
2026-08;5;22;613200
2026-08;5;23;621600
2026-08;5;25;638400
2026-08;6;1;111100
2026-08;6;3;115100
2026-08;6;4;117100
2026-08;6;6;121000
2026-08;6;7;123000
2026-08;6;9;127000
2026-08;6;10;128900
2026-08;6;12;132900
2026-08;6;13;134900
2026-08;6;15;138900
2026-08;6;16;140800
2026-08;6;18;144800
2026-08;6;19;616500
2026-08;6;21;633100
2026-08;6;22;641400
2026-08;6;24;658100
2026-08;6;25;666400
2026-08;7;2;119100
2026-08;7;3;121100
2026-08;7;5;125000
2026-08;7;6;126900
2026-08;7;8;130800
2026-08;7;9;132800
2026-08;7;11;136700
2026-08;7;12;138600
2026-08;7;14;142500
2026-08;7;15;144500
2026-08;7;17;148400
2026-08;7;18;150300
2026-08;7;20;647800
2026-08;7;21;656000
2026-08;7;23;672400
2026-08;7;24;680600
2026-08;8;1;122300
2026-08;8;2;124200
2026-08;8;4;128000
2026-08;8;5;129900
2026-08;8;7;133700
2026-08;8;8;135600
2026-08;8;10;139500
2026-08;8;11;141400
2026-08;8;13;145200
2026-08;8;14;147100
2026-08;8;16;150900
2026-08;8;17;152800
2026-08;8;19;657900
2026-08;8;20;666000
2026-08;8;22;682000
2026-08;8;23;690000
2026-08;8;25;706100
2026-08;9;1;126600
2026-08;9;3;130300
2026-08;9;4;132200
2026-08;9;6;135900
2026-08;9;7;137700
2026-08;9;9;141500
2026-08;9;10;143300
2026-08;9;12;147100
2026-08;9;13;148900
2026-08;9;15;152700
2026-08;9;16;154500
2026-08;9;18;158200
2026-08;9;19;672500
2026-08;9;21;688100
2026-08;9;22;695900
2026-08;9;24;711600
2026-08;9;25;719400
2026-08;10;2;132200
2026-08;10;3;134000
2026-08;10;5;137700
2026-08;10;6;139500
2026-08;10;8;143100
2026-08;10;9;144900
2026-08;10;11;148500
2026-08;10;12;150400
2026-08;10;14;154000
2026-08;10;15;155800
2026-08;10;17;159400
2026-08;10;18;161200
2026-08;10;20;692500
2026-08;10;21;700100
2026-08;10;23;715400
2026-08;10;24;723000
2026-08;11;1;134100
2026-08;11;2;135900
2026-08;11;4;139500
2026-08;11;5;141200
2026-08;11;7;144800
2026-08;11;8;146500
2026-08;11;10;150100
2026-08;11;11;151800
2026-08;11;13;155400
2026-08;11;14;157100
2026-08;11;16;160700
2026-08;11;17;162500
2026-08;11;19;697200
2026-08;11;20;704600
2026-08;11;22;719500
2026-08;11;23;726900
2026-08;11;25;741800
2026-08;12;1;138200
2026-08;12;3;141700
2026-08;12;4;143400
2026-08;12;6;146900
2026-08;12;7;148600
2026-08;12;9;152100
2026-08;12;10;153800
2026-08;12;12;157300
2026-08;12;13;159000
2026-08;12;15;162500
2026-08;12;16;164200
2026-08;12;18;167700
2026-08;12;19;711600
2026-08;12;21;726200
2026-08;12;22;733500
2026-08;12;24;748000
2026-08;12;25;755300
2026-08;13;2;144800
2026-08;13;3;146500
2026-08;13;5;150000
2026-08;13;6;151700
2026-08;13;8;155100
2026-08;13;9;156800
2026-08;13;11;160200
2026-08;13;12;161900
2026-08;13;14;165400
2026-08;13;15;167100
2026-08;13;17;170500
2026-08;13;18;172200
2026-08;13;20;737600
2026-08;13;21;744800
2026-08;13;23;759100
2026-08;13;24;766300
2026-08;14;1;149200
2026-08;14;2;150900
2026-08;14;4;154300
2026-08;14;5;156000
2026-08;14;7;159400
2026-08;14;8;161100
2026-08;14;10;164500
2026-08;14;11;166200
2026-08;14;13;169600
2026-08;14;14;171300
2026-08;14;16;174700
2026-08;14;17;176400
2026-08;14;19;755200
2026-08;14;20;762400
2026-08;14;22;776700
2026-08;14;23;783800
2026-08;14;25;798100
2026-08;15;1;156700
2026-08;15;3;160100
2026-08;15;4;161800
2026-08;15;6;165200
2026-08;15;7;166900
2026-08;15;9;170300
2026-08;15;10;172100
2026-08;15;12;175500
2026-08;15;13;177200
2026-08;15;15;180600
2026-08;15;16;182300
2026-08;15;18;185700
2026-08;15;19;787300
2026-08;15;21;801600
2026-08;15;22;808800
2026-08;15;24;823200
2026-08;15;25;830400
2026-09;1;1;73200
2026-09;1;2;75200
2026-09;1;4;79000
2026-09;1;5;81000
2026-09;1;7;84900
2026-09;1;8;86800
2026-09;1;10;90700
2026-09;1;11;92700
2026-09;1;13;96600
2026-09;1;14;98500
2026-09;1;16;102400
2026-09;1;17;104400
2026-09;1;19;454700
2026-09;1;20;462900
2026-09;1;22;479200
2026-09;1;23;487400
2026-09;1;25;503700
2026-09;2;1;82200
2026-09;2;3;86100
2026-09;2;4;88100
2026-09;2;6;92100
2026-09;2;7;94100
2026-09;2;9;98000
2026-09;2;10;100000
2026-09;2;12;103900
2026-09;2;13;105900
2026-09;2;15;109900
2026-09;2;16;111900
2026-09;2;18;115800
2026-09;2;19;494700
2026-09;2;21;511400
2026-09;2;22;519700
2026-09;2;24;536300
2026-09;2;25;544600
2026-09;3;2;92800
2026-09;3;3;94800
2026-09;3;5;98700
2026-09;3;6;100700
2026-09;3;8;104700
2026-09;3;9;106700
2026-09;3;11;110700
2026-09;3;12;112700
2026-09;3;14;116700
2026-09;3;15;118700
2026-09;3;17;122700
2026-09;3;18;124700
2026-09;3;20;540400
2026-09;3;21;548800
2026-09;3;23;565600
2026-09;3;24;574000
2026-09;4;1;98700
2026-09;4;2;100700
2026-09;4;4;104700
2026-09;4;5;106700
2026-09;4;7;110700
2026-09;4;8;112700
2026-09;4;10;116700
2026-09;4;11;118700
2026-09;4;13;122600
2026-09;4;14;124600
2026-09;4;16;128600
2026-09;4;17;130600
2026-09;4;19;565400
2026-09;4;20;573800
2026-09;4;22;590600
2026-09;4;23;599000
2026-09;4;25;615700
2026-09;5;1;105800
2026-09;5;3;109700
2026-09;5;4;111700
2026-09;5;6;115700
2026-09;5;7;117600
2026-09;5;9;121600
2026-09;5;10;123600
2026-09;5;12;127600
2026-09;5;13;129500
2026-09;5;15;133500
2026-09;5;16;135500
2026-09;5;18;139400
2026-09;5;19;594000
2026-09;5;21;610600
2026-09;5;22;618900
2026-09;5;24;635600
2026-09;5;25;643900
2026-09;6;2;113800
2026-09;6;3;115800
2026-09;6;5;119700
2026-09;6;6;121600
2026-09;6;8;125500
2026-09;6;9;127500
2026-09;6;11;131400
2026-09;6;12;133400
2026-09;6;14;137300
2026-09;6;15;139200
2026-09;6;17;143100
2026-09;6;18;145100
2026-09;6;20;625700
2026-09;6;21;633900
2026-09;6;23;650300
2026-09;6;24;658400
2026-09;7;1;117100
2026-09;7;2;119000
2026-09;7;4;122800
2026-09;7;5;124700
2026-09;7;7;128600
2026-09;7;8;130500
2026-09;7;10;134300
2026-09;7;11;136200
2026-09;7;13;140000
2026-09;7;14;141900
2026-09;7;16;145800
2026-09;7;17;147700
2026-09;7;19;636200
2026-09;7;20;644300
2026-09;7;22;660300
2026-09;7;23;668300
2026-09;7;25;684400
2026-09;8;1;121500
2026-09;8;3;125300
2026-09;8;4;127100
2026-09;8;6;130800
2026-09;8;7;132700
2026-09;8;9;136400
2026-09;8;10;138300
2026-09;8;12;142000
2026-09;8;13;143900
2026-09;8;15;147600
2026-09;8;16;149500
2026-09;8;18;153200
2026-09;8;19;651300
2026-09;8;21;667000
2026-09;8;22;674800
2026-09;8;24;690400
2026-09;8;25;698300
2026-09;9;2;127300
2026-09;9;3;129100
2026-09;9;5;132800
2026-09;9;6;134600
2026-09;9;8;138200
2026-09;9;9;140000
2026-09;9;11;143600
2026-09;9;12;145500
2026-09;9;14;149100
2026-09;9;15;150900
2026-09;9;17;154500
2026-09;9;18;156300
2026-09;9;20;671900
2026-09;9;21;679500
2026-09;9;23;694800
2026-09;9;24;702400
2026-09;10;1;129400
2026-09;10;2;131100
2026-09;10;4;134700
2026-09;10;5;136400
2026-09;10;7;140000
2026-09;10;8;141800
2026-09;10;10;145300
2026-09;10;11;147100
2026-09;10;13;150600
2026-09;10;14;152400
2026-09;10;16;155900
2026-09;10;17;157700
2026-09;10;19;677100
2026-09;10;20;684500
2026-09;10;22;699400
2026-09;10;23;706800
2026-09;10;25;721700
2026-09;11;1;133600
2026-09;11;3;137000
2026-09;11;4;138800
2026-09;11;6;142200
2026-09;11;7;144000
2026-09;11;9;147400
2026-09;11;10;149200
2026-09;11;12;152600
2026-09;11;13;154400
2026-09;11;15;157800
2026-09;11;16;159600
2026-09;11;18;163000
2026-09;11;19;692000
2026-09;11;21;706500
2026-09;11;22;713800
2026-09;11;24;728400
2026-09;11;25;735700
2026-09;12;2;140200
2026-09;12;3;141900
2026-09;12;5;145300
2026-09;12;6;147100
2026-09;12;8;150500
2026-09;12;9;152200
2026-09;12;11;155600
2026-09;12;12;157300
2026-09;12;14;160700
2026-09;12;15;162400
2026-09;12;17;165900
2026-09;12;18;167600
2026-09;12;20;718200
2026-09;12;21;725400
2026-09;12;23;739700
2026-09;12;24;746900
2026-09;13;1;144600
2026-09;13;2;146300
2026-09;13;4;149700
2026-09;13;5;151400
2026-09;13;7;154800
2026-09;13;8;156500
2026-09;13;10;159900
2026-09;13;11;161600
2026-09;13;13;165000
2026-09;13;14;166700
2026-09;13;16;170100
2026-09;13;17;171800
2026-09;13;19;735900
2026-09;13;20;743000
2026-09;13;22;757300
2026-09;13;23;764500
2026-09;13;25;778800
2026-09;14;1;152000
2026-09;14;3;155500
2026-09;14;4;157200
2026-09;14;6;160600
2026-09;14;7;162300
2026-09;14;9;165700
2026-09;14;10;167400
2026-09;14;12;170900
2026-09;14;13;172600
2026-09;14;15;176000
2026-09;14;16;177700
2026-09;14;18;181100
2026-09;14;19;767900
2026-09;14;21;782200
2026-09;14;22;789400
2026-09;14;24;803800
2026-09;14;25;811000
2026-09;15;2;162700
2026-09;15;3;164500
2026-09;15;5;167900
2026-09;15;6;169700
2026-09;15;8;173100
2026-09;15;9;174900
2026-09;15;11;178300
2026-09;15;12;180100
2026-09;15;14;183500
2026-09;15;15;185300
2026-09;15;17;188700
2026-09;15;18;190500
2026-09;15;20;814500
2026-09;15;21;821800
2026-09;15;23;836400
2026-09;15;24;843700
2026-10;1;1;76800
2026-10;1;3;80800
2026-10;1;4;82800
2026-10;1;6;86700
2026-10;1;7;88700
2026-10;1;9;92700
2026-10;1;10;94600
2026-10;1;12;98600
2026-10;1;13;100600
2026-10;1;15;104500
2026-10;1;16;106500
2026-10;1;18;110500
2026-10;1;19;472300
2026-10;1;21;488900
2026-10;1;22;497200
2026-10;1;24;513800
2026-10;1;25;522100
2026-10;2;2;87400
2026-10;2;3;89400
2026-10;2;5;93400
2026-10;2;6;95300
2026-10;2;8;99300
2026-10;2;9;101300
2026-10;2;11;105300
2026-10;2;12;107300
2026-10;2;14;111300
2026-10;2;15;113300
2026-10;2;17;117300
2026-10;2;18;119300
2026-10;2;20;517800
2026-10;2;21;526200
2026-10;2;23;542900
2026-10;2;24;551300
2026-10;3;1;93300
2026-10;3;2;95300
2026-10;3;4;99300
2026-10;3;5;101300
2026-10;3;7;105300
2026-10;3;8;107300
2026-10;3;10;111300
2026-10;3;11;113300
2026-10;3;13;117200
2026-10;3;14;119200
2026-10;3;16;123200
2026-10;3;17;125200
2026-10;3;19;542800
2026-10;3;20;551100
2026-10;3;22;567900
2026-10;3;23;576300
2026-10;3;25;593100
2026-10;4;1;100400
2026-10;4;3;104400
2026-10;4;4;106300
2026-10;4;6;110300
2026-10;4;7;112300
2026-10;4;9;116300
2026-10;4;10;118200
2026-10;4;12;122200
2026-10;4;13;124200
2026-10;4;15;128100
2026-10;4;16;130100
2026-10;4;18;134100
2026-10;4;19;571500
2026-10;4;21;588100
2026-10;4;22;596500
2026-10;4;24;613100
2026-10;4;25;621400
2026-10;5;2;108600
2026-10;5;3;110500
2026-10;5;5;114400
2026-10;5;6;116400
2026-10;5;8;120300
2026-10;5;9;122200
2026-10;5;11;126100
2026-10;5;12;128100
2026-10;5;14;132000
2026-10;5;15;133900
2026-10;5;17;137800
2026-10;5;18;139800
2026-10;5;20;603500
2026-10;5;21;611700
2026-10;5;23;628100
2026-10;5;24;636300
2026-10;6;1;111900
2026-10;6;2;113800
2026-10;6;4;117700
2026-10;6;5;119600
2026-10;6;7;123400
2026-10;6;8;125300
2026-10;6;10;129100
2026-10;6;11;131000
2026-10;6;13;134900
2026-10;6;14;136800
2026-10;6;16;140600
2026-10;6;17;142500
2026-10;6;19;614500
2026-10;6;20;622600
2026-10;6;22;638600
2026-10;6;23;646600
2026-10;6;25;662700
2026-10;7;1;116500
2026-10;7;3;120200
2026-10;7;4;122100
2026-10;7;6;125800
2026-10;7;7;127700
2026-10;7;9;131400
2026-10;7;10;133300
2026-10;7;12;137000
2026-10;7;13;138900
2026-10;7;15;142600
2026-10;7;16;144400
2026-10;7;18;148200
2026-10;7;19;630200
2026-10;7;21;645800
2026-10;7;22;653600
2026-10;7;24;669300
2026-10;7;25;677100
2026-10;8;2;122400
2026-10;8;3;124200
2026-10;8;5;127900
2026-10;8;6;129700
2026-10;8;8;133300
2026-10;8;9;135100
2026-10;8;11;138700
2026-10;8;12;140600
2026-10;8;14;144200
2026-10;8;15;146000
2026-10;8;17;149600
2026-10;8;18;151400
2026-10;8;20;651300
2026-10;8;21;658900
2026-10;8;23;674200
2026-10;8;24;681800
2026-10;9;1;124600
2026-10;9;2;126400
2026-10;9;4;129900
2026-10;9;5;131700
2026-10;9;7;135200
2026-10;9;8;137000
2026-10;9;10;140500
2026-10;9;11;142300
2026-10;9;13;145800
2026-10;9;14;147600
2026-10;9;16;151100
2026-10;9;17;152900
2026-10;9;19;657000
2026-10;9;20;664400
2026-10;9;22;679300
2026-10;9;23;686700
2026-10;9;25;701600
2026-10;10;1;128900
2026-10;10;3;132300
2026-10;10;4;134100
2026-10;10;6;137500
2026-10;10;7;139300
2026-10;10;9;142700
2026-10;10;10;144500
2026-10;10;12;147900
2026-10;10;13;149700
2026-10;10;15;153100
2026-10;10;16;154900
2026-10;10;18;158300
2026-10;10;19;672300
2026-10;10;21;686900
2026-10;10;22;694100
2026-10;10;24;708700
2026-10;10;25;716000
2026-10;11;2;135600
2026-10;11;3;137300
2026-10;11;5;140700
2026-10;11;6;142400
2026-10;11;8;145900
2026-10;11;9;147600
2026-10;11;11;151000
2026-10;11;12;152700
2026-10;11;14;156100
2026-10;11;15;157800
2026-10;11;17;161200
2026-10;11;18;163000
2026-10;11;20;698800
2026-10;11;21;705900
2026-10;11;23;720300
2026-10;11;24;727500
2026-10;12;1;140000
2026-10;12;2;141700
2026-10;12;4;145100
2026-10;12;5;146800
2026-10;12;7;150200
2026-10;12;8;151900
2026-10;12;10;155300
2026-10;12;11;157000
2026-10;12;13;160400
2026-10;12;14;162100
2026-10;12;16;165500
2026-10;12;17;167200
2026-10;12;19;716600
2026-10;12;20;723700
2026-10;12;22;738000
2026-10;12;23;745200
2026-10;12;25;759500
2026-10;13;1;147400
2026-10;13;3;150800
2026-10;13;4;152500
2026-10;13;6;156000
2026-10;13;7;157700
2026-10;13;9;161100
2026-10;13;10;162800
2026-10;13;12;166200
2026-10;13;13;167900
2026-10;13;15;171400
2026-10;13;16;173100
2026-10;13;18;176500
2026-10;13;19;748400
2026-10;13;21;762800
2026-10;13;22;770000
2026-10;13;24;784400
2026-10;13;25;791500
2026-10;14;2;158000
2026-10;14;3;159800
2026-10;14;5;163200
2026-10;14;6;165000
2026-10;14;8;168400
2026-10;14;9;170200
2026-10;14;11;173600
2026-10;14;12;175400
2026-10;14;14;178800
2026-10;14;15;180600
2026-10;14;17;184000
2026-10;14;18;185800
2026-10;14;20;794900
2026-10;14;21;802100
2026-10;14;23;816700
2026-10;14;24;824000
2026-10;15;1;166600
2026-10;15;2;168300
2026-10;15;4;171900
2026-10;15;5;173700
2026-10;15;7;177200
2026-10;15;8;179000
2026-10;15;10;182500
2026-10;15;11;184300
2026-10;15;13;187800
2026-10;15;14;189600
2026-10;15;16;193100
2026-10;15;17;194900
2026-10;15;19;833500
2026-10;15;20;840900
2026-10;15;22;855800
2026-10;15;23;863200
2026-10;15;25;878100
2026-11;1;2;82000
2026-11;1;3;84000
2026-11;1;5;88000
2026-11;1;6;90000
2026-11;1;8;93900
2026-11;1;9;95900
2026-11;1;11;99900
2026-11;1;12;101900
2026-11;1;14;105900
2026-11;1;15;107900
2026-11;1;17;111900
2026-11;1;18;113900
2026-11;1;20;495100
2026-11;1;21;503500
2026-11;1;23;520300
2026-11;1;24;528700
2026-11;2;1;87900
2026-11;2;2;89900
2026-11;2;4;93900
2026-11;2;5;95900
2026-11;2;7;99900
2026-11;2;8;101900
2026-11;2;10;105900
2026-11;2;11;107900
2026-11;2;13;111900
2026-11;2;14;113900
2026-11;2;16;117800
2026-11;2;17;119800
2026-11;2;19;520100
2026-11;2;20;528500
2026-11;2;22;545300
2026-11;2;23;553600
2026-11;2;25;570400
2026-11;3;1;95000
2026-11;3;3;99000
2026-11;3;4;101000
2026-11;3;6;105000
2026-11;3;7;106900
2026-11;3;9;110900
2026-11;3;10;112900
2026-11;3;12;116800
2026-11;3;13;118800
2026-11;3;15;122800
2026-11;3;16;124800
2026-11;3;18;128700
2026-11;3;19;549000
2026-11;3;21;565600
2026-11;3;22;574000
2026-11;3;24;590600
2026-11;3;25;598900
2026-11;4;2;103300
2026-11;4;3;105200
2026-11;4;5;109100
2026-11;4;6;111100
2026-11;4;8;115000
2026-11;4;9;116900
2026-11;4;11;120900
2026-11;4;12;122800
2026-11;4;14;126700
2026-11;4;15;128700
2026-11;4;17;132600
2026-11;4;18;134500
2026-11;4;20;581300
2026-11;4;21;589500
2026-11;4;23;605900
2026-11;4;24;614100
2026-11;5;1;106800
2026-11;5;2;108700
2026-11;5;4;112500
2026-11;5;5;114400
2026-11;5;7;118200
2026-11;5;8;120100
2026-11;5;10;124000
2026-11;5;11;125900
2026-11;5;13;129700
2026-11;5;14;131600
2026-11;5;16;135400
2026-11;5;17;137300
2026-11;5;19;592900
2026-11;5;20;600900
2026-11;5;22;616900
2026-11;5;23;625000
2026-11;5;25;641000
2026-11;6;1;111500
2026-11;6;3;115200
2026-11;6;4;117000
2026-11;6;6;120800
2026-11;6;7;122600
2026-11;6;9;126400
2026-11;6;10;128200
2026-11;6;12;132000
2026-11;6;13;133800
2026-11;6;15;137500
2026-11;6;16;139400
2026-11;6;18;143100
2026-11;6;19;609000
2026-11;6;21;624700
2026-11;6;22;632500
2026-11;6;24;648100
2026-11;6;25;656000
2026-11;7;2;117500
2026-11;7;3;119300
2026-11;7;5;122900
2026-11;7;6;124800
2026-11;7;8;128400
2026-11;7;9;130200
2026-11;7;11;133800
2026-11;7;12;135600
2026-11;7;14;139300
2026-11;7;15;141100
2026-11;7;17;144700
2026-11;7;18;146500
2026-11;7;20;630700
2026-11;7;21;638300
2026-11;7;23;653600
2026-11;7;24;661200
2026-11;8;1;119800
2026-11;8;2;121600
2026-11;8;4;125100
2026-11;8;5;126900
2026-11;8;7;130400
2026-11;8;8;132200
2026-11;8;10;135700
2026-11;8;11;137500
2026-11;8;13;141000
2026-11;8;14;142800
2026-11;8;16;146300
2026-11;8;17;148100
2026-11;8;19;636900
2026-11;8;20;644400
2026-11;8;22;659200
2026-11;8;23;666700
2026-11;8;25;681500
2026-11;9;1;124200
2026-11;9;3;127700
2026-11;9;4;129400
2026-11;9;6;132900
2026-11;9;7;134600
2026-11;9;9;138100
2026-11;9;10;139800
2026-11;9;12;143300
2026-11;9;13;145000
2026-11;9;15;148500
2026-11;9;16;150200
2026-11;9;18;153700
2026-11;9;19;652600
2026-11;9;21;667200
2026-11;9;22;674500
2026-11;9;24;689000
2026-11;9;25;696300
2026-11;10;2;131000
2026-11;10;3;132700
2026-11;10;5;136100
2026-11;10;6;137800
2026-11;10;8;141200
2026-11;10;9;142900
2026-11;10;11;146400
2026-11;10;12;148100
2026-11;10;14;151500
2026-11;10;15;153200
2026-11;10;17;156600
2026-11;10;18;158300
2026-11;10;20;679400
2026-11;10;21;686500
2026-11;10;23;700900
2026-11;10;24;708100
2026-11;11;1;135400
2026-11;11;2;137100
2026-11;11;4;140500
2026-11;11;5;142200
2026-11;11;7;145600
2026-11;11;8;147300
2026-11;11;10;150700
2026-11;11;11;152400
2026-11;11;13;155800
2026-11;11;14;157500
2026-11;11;16;160900
2026-11;11;17;162600
2026-11;11;19;697300
2026-11;11;20;704400
2026-11;11;22;718700
2026-11;11;23;725900
2026-11;11;25;740100
2026-11;12;1;142800
2026-11;12;3;146200
2026-11;12;4;147900
2026-11;12;6;151300
2026-11;12;7;153100
2026-11;12;9;156500
2026-11;12;10;158200
2026-11;12;12;161600
2026-11;12;13;163300
2026-11;12;15;166700
2026-11;12;16;168400
2026-11;12;18;171900
2026-11;12;19;729000
2026-11;12;21;743400
2026-11;12;22;750600
2026-11;12;24;764900
2026-11;12;25;772100
2026-11;13;2;153400
2026-11;13;3;155100
2026-11;13;5;158600
2026-11;13;6;160300
2026-11;13;8;163800
2026-11;13;9;165500
2026-11;13;11;169000
2026-11;13;12;170700
2026-11;13;14;174200
2026-11;13;15;175900
2026-11;13;17;179400
2026-11;13;18;181100
2026-11;13;20;775200
2026-11;13;21;782500
2026-11;13;23;797000
2026-11;13;24;804300
2026-11;14;1;161800
2026-11;14;2;163600
2026-11;14;4;167100
2026-11;14;5;168900
2026-11;14;7;172400
2026-11;14;8;174200
2026-11;14;10;177700
2026-11;14;11;179500
2026-11;14;13;183000
2026-11;14;14;184800
2026-11;14;16;188400
2026-11;14;17;190100
2026-11;14;19;813400
2026-11;14;20;820800
2026-11;14;22;835700
2026-11;14;23;843100
2026-11;14;25;858000
2026-11;15;1;173100
2026-11;15;3;176700
2026-11;15;4;178500
2026-11;15;6;182200
2026-11;15;7;184000
2026-11;15;9;187600
2026-11;15;10;189400
2026-11;15;12;193100
2026-11;15;13;194900
2026-11;15;15;198500
2026-11;15;16;200300
2026-11;15;18;204000
2026-11;15;19;864300
2026-11;15;21;879500
2026-11;15;22;887100
2026-11;15;24;902400
2026-11;15;25;910000
2026-12;1;1;82500
2026-12;1;2;84500
2026-12;1;4;88500
2026-12;1;5;90500
2026-12;1;7;94500
2026-12;1;8;96500
2026-12;1;10;100500
2026-12;1;11;102500
2026-12;1;13;106500
2026-12;1;14;108500
2026-12;1;16;112400
2026-12;1;17;114400
2026-12;1;19;497400
2026-12;1;20;505800
2026-12;1;22;522600
2026-12;1;23;531000
2026-12;1;25;547700
2026-12;2;1;89700
2026-12;2;3;93700
2026-12;2;4;95600
2026-12;2;6;99600
2026-12;2;7;101600
2026-12;2;9;105500
2026-12;2;10;107500
2026-12;2;12;111500
2026-12;2;13;113500
2026-12;2;15;117400
2026-12;2;16;119400
2026-12;2;18;123400
2026-12;2;19;526500
2026-12;2;21;543100
2026-12;2;22;551500
2026-12;2;24;568100
2026-12;2;25;576400
2026-12;3;2;98000
2026-12;3;3;100000
2026-12;3;5;103900
2026-12;3;6;105800
2026-12;3;8;109700
2026-12;3;9;111700
2026-12;3;11;115600
2026-12;3;12;117500
2026-12;3;14;121400
2026-12;3;15;123400
2026-12;3;17;127300
2026-12;3;18;129200
2026-12;3;20;559200
2026-12;3;21;567400
2026-12;3;23;583800
2026-12;3;24;592000
2026-12;4;1;101600
2026-12;4;2;103500
2026-12;4;4;107300
2026-12;4;5;109200
2026-12;4;7;113100
2026-12;4;8;115000
2026-12;4;10;118800
2026-12;4;11;120700
2026-12;4;13;124500
2026-12;4;14;126400
2026-12;4;16;130300
2026-12;4;17;132200
2026-12;4;19;571200
2026-12;4;20;579200
2026-12;4;22;595200
2026-12;4;23;603300
2026-12;4;25;619300
2026-12;5;1;106400
2026-12;5;3;110100
2026-12;5;4;112000
2026-12;5;6;115700
2026-12;5;7;117600
2026-12;5;9;121300
2026-12;5;10;123200
2026-12;5;12;126900
2026-12;5;13;128800
2026-12;5;15;132500
2026-12;5;16;134400
2026-12;5;18;138100
2026-12;5;19;587900
2026-12;5;21;603500
2026-12;5;22;611300
2026-12;5;24;627000
2026-12;5;25;634800
2026-12;6;2;112600
2026-12;6;3;114400
2026-12;6;5;118000
2026-12;6;6;119900
2026-12;6;8;123500
2026-12;6;9;125300
2026-12;6;11;128900
2026-12;6;12;130700
2026-12;6;14;134400
2026-12;6;15;136200
2026-12;6;17;139800
2026-12;6;18;141600
2026-12;6;20;610100
2026-12;6;21;617700
2026-12;6;23;633000
2026-12;6;24;640600
2026-12;7;1;115000
2026-12;7;2;116800
2026-12;7;4;120300
2026-12;7;5;122100
2026-12;7;7;125600
2026-12;7;8;127400
2026-12;7;10;130900
2026-12;7;11;132700
2026-12;7;13;136300
2026-12;7;14;138000
2026-12;7;16;141600
2026-12;7;17;143300
2026-12;7;19;616800
2026-12;7;20;624300
2026-12;7;22;639100
2026-12;7;23;646600
2026-12;7;25;661400
2026-12;8;1;119500
2026-12;8;3;123000
2026-12;8;4;124700
2026-12;8;6;128200
2026-12;8;7;129900
2026-12;8;9;133400
2026-12;8;10;135100
2026-12;8;12;138600
2026-12;8;13;140300
2026-12;8;15;143800
2026-12;8;16;145500
2026-12;8;18;149000
2026-12;8;19;632900
2026-12;8;21;647500
2026-12;8;22;654800
2026-12;8;24;669300
2026-12;8;25;676600
2026-12;9;2;126400
2026-12;9;3;128100
2026-12;9;5;131500
2026-12;9;6;133200
2026-12;9;8;136600
2026-12;9;9;138300
2026-12;9;11;141700
2026-12;9;12;143400
2026-12;9;14;146900
2026-12;9;15;148600
2026-12;9;17;152000
2026-12;9;18;153700
2026-12;9;20;659900
2026-12;9;21;667100
2026-12;9;23;681500
2026-12;9;24;688700
2026-12;10;1;130800
2026-12;10;2;132500
2026-12;10;4;135900
2026-12;10;5;137600
2026-12;10;7;141000
2026-12;10;8;142700
2026-12;10;10;146100
2026-12;10;11;147800
2026-12;10;13;151200
2026-12;10;14;152900
2026-12;10;16;156300
2026-12;10;17;158000
2026-12;10;19;677900
2026-12;10;20;685100
2026-12;10;22;699400
2026-12;10;23;706500
2026-12;10;25;720800
2026-12;11;1;138200
2026-12;11;3;141600
2026-12;11;4;143300
2026-12;11;6;146700
2026-12;11;7;148400
2026-12;11;9;151900
2026-12;11;10;153600
2026-12;11;12;157000
2026-12;11;13;158700
2026-12;11;15;162100
2026-12;11;16;163800
2026-12;11;18;167200
2026-12;11;19;709600
2026-12;11;21;724000
2026-12;11;22;731200
2026-12;11;24;745500
2026-12;11;25;752700
2026-12;12;2;148700
2026-12;12;3;150400
2026-12;12;5;153900
2026-12;12;6;155600
2026-12;12;8;159100
2026-12;12;9;160800
2026-12;12;11;164300
2026-12;12;12;166000
2026-12;12;14;169500
2026-12;12;15;171200
2026-12;12;17;174700
2026-12;12;18;176400
2026-12;12;20;755500
2026-12;12;21;762800
2026-12;12;23;777300
2026-12;12;24;784600
2026-12;13;1;157000
2026-12;13;2;158800
2026-12;13;4;162300
2026-12;13;5;164100
2026-12;13;7;167600
2026-12;13;8;169400
2026-12;13;10;172900
2026-12;13;11;174700
2026-12;13;13;178300
2026-12;13;14;180000
2026-12;13;16;183600
2026-12;13;17;185300
2026-12;13;19;793300
2026-12;13;20;800700
2026-12;13;22;815600
2026-12;13;23;823000
2026-12;13;25;837900
2026-12;14;1;168200
2026-12;14;3;171800
2026-12;14;4;173600
2026-12;14;6;177300
2026-12;14;7;179100
2026-12;14;9;182700
2026-12;14;10;184500
2026-12;14;12;188200
2026-12;14;13;190000
2026-12;14;15;193600
2026-12;14;16;195400
2026-12;14;18;199100
2026-12;14;19;843700
2026-12;14;21;858900
2026-12;14;22;866500
2026-12;14;24;881800
2026-12;14;25;889400
2026-12;15;2;181900
2026-12;15;3;183800
2026-12;15;5;187500
2026-12;15;6;189400
2026-12;15;8;193100
2026-12;15;9;195000
2026-12;15;11;198700
2026-12;15;12;200600
2026-12;15;14;204300
2026-12;15;15;206200
2026-12;15;17;209900
2026-12;15;18;211800
2026-12;15;20;905200
2026-12;15;21;913000
2026-12;15;23;928600
2026-12;15;24;936500
